Inventory_ID,Product_ID,Warehouse_ID,Stock_Quantity,Reorder_Point,Safety_Stock,Stock_Status,Last_Updated,Unit_Cost,Total_Value
INV00001,PRD0001,WH001,764,23,48,Normal,2026-02-13,738.45,564175.8
INV00002,PRD0001,WH002,894,23,48,Normal,2026-02-10,738.45,660174.3
INV00003,PRD0001,WH004,633,23,48,Normal,2026-02-12,738.45,467438.85
INV00004,PRD0001,WH005,798,23,48,Normal,2026-02-12,738.45,589283.1
INV00005,PRD0001,WH006,804,23,48,Normal,2026-02-22,738.45,593713.8
INV00006,PRD0001,WH007,721,23,48,Normal,2026-02-12,738.45,532422.45
INV00007,PRD0001,WH008,117,23,48,Normal,2026-02-19,738.45,86398.65
INV00008,PRD0002,WH001,343,54,46,Normal,2026-02-11,2900.83,994984.69
INV00009,PRD0002,WH002,177,54,46,Normal,2026-03-01,2900.83,513446.91
INV00010,PRD0002,WH004,984,54,46,Normal,2026-02-20,2900.83,2854416.72
INV00011,PRD0002,WH005,89,54,46,Normal,2026-03-10,2900.83,258173.87
INV00012,PRD0002,WH006,471,54,46,Normal,2026-03-10,2900.83,1366290.93
INV00013,PRD0002,WH008,432,54,46,Normal,2026-02-14,2900.83,1253158.56
INV00014,PRD0003,WH002,517,79,19,Normal,2026-02-17,597.47,308891.99
INV00015,PRD0003,WH003,597,79,19,Normal,2026-02-15,597.47,356689.59
INV00016,PRD0003,WH004,850,79,19,Normal,2026-03-01,597.47,507849.5
INV00017,PRD0003,WH005,784,79,19,Normal,2026-02-22,597.47,468416.48
INV00018,PRD0003,WH006,966,79,19,Normal,2026-03-06,597.47,577156.02
INV00019,PRD0003,WH007,505,79,19,Normal,2026-03-04,597.47,301722.35
INV00020,PRD0003,WH008,583,79,19,Normal,2026-02-28,597.47,348325.01
INV00021,PRD0004,WH002,642,45,44,Normal,2026-02-17,449.26,288424.92
INV00022,PRD0004,WH003,829,45,44,Normal,2026-02-22,449.26,372436.54
INV00023,PRD0004,WH004,138,45,44,Normal,2026-03-07,449.26,61997.88
INV00024,PRD0004,WH006,660,45,44,Normal,2026-02-21,449.26,296511.6
INV00025,PRD0004,WH008,99,45,44,Normal,2026-03-06,449.26,44476.74
INV00026,PRD0005,WH001,182,95,10,Normal,2026-03-01,1252.62,227976.84
INV00027,PRD0005,WH002,417,95,10,Normal,2026-03-09,1252.62,522342.54
INV00028,PRD0005,WH003,610,95,10,Normal,2026-03-07,1252.62,764098.2
INV00029,PRD0005,WH007,600,95,10,Normal,2026-02-23,1252.62,751572.0
INV00030,PRD0005,WH008,259,95,10,Normal,2026-03-11,1252.62,324428.58
INV00031,PRD0006,WH001,785,48,19,Normal,2026-03-11,743.32,583506.2
INV00032,PRD0006,WH002,43,48,19,Low,2026-03-07,743.32,31962.76
INV00033,PRD0006,WH003,407,48,19,Normal,2026-03-09,743.32,302531.24
INV00034,PRD0006,WH004,647,48,19,Normal,2026-03-06,743.32,480928.04
INV00035,PRD0006,WH005,686,48,19,Normal,2026-02-17,743.32,509917.52
INV00036,PRD0006,WH006,14,48,19,Critical,2026-02-17,743.32,10406.48
INV00037,PRD0006,WH007,8,48,19,Critical,2026-03-10,743.32,5946.56
INV00038,PRD0007,WH002,527,80,31,Normal,2026-03-05,52.12,27467.24
INV00039,PRD0007,WH003,921,80,31,Normal,2026-02-17,52.12,48002.52
INV00040,PRD0007,WH007,921,80,31,Normal,2026-02-27,52.12,48002.52
INV00041,PRD0007,WH008,897,80,31,Normal,2026-03-09,52.12,46751.64
INV00042,PRD0008,WH001,708,36,8,Normal,2026-02-22,2355.62,1667778.96
INV00043,PRD0008,WH002,403,36,8,Normal,2026-03-09,2355.62,949314.86
INV00044,PRD0008,WH003,720,36,8,Normal,2026-02-24,2355.62,1696046.4
INV00045,PRD0008,WH004,634,36,8,Normal,2026-03-03,2355.62,1493463.08
INV00046,PRD0008,WH006,873,36,8,Normal,2026-03-02,2355.62,2056456.26
INV00047,PRD0008,WH008,117,36,8,Normal,2026-03-03,2355.62,275607.54
INV00048,PRD0009,WH001,600,12,9,Normal,2026-02-11,2752.7,1651620.0
INV00049,PRD0009,WH002,760,12,9,Normal,2026-02-20,2752.7,2092052.0
INV00050,PRD0009,WH003,184,12,9,Normal,2026-03-01,2752.7,506496.8
INV00051,PRD0009,WH004,885,12,9,Normal,2026-02-12,2752.7,2436139.5
INV00052,PRD0009,WH005,210,12,9,Normal,2026-02-26,2752.7,578067.0
INV00053,PRD0009,WH006,240,12,9,Normal,2026-02-19,2752.7,660648.0
INV00054,PRD0009,WH007,967,12,9,Normal,2026-03-10,2752.7,2661860.9
INV00055,PRD0009,WH008,382,12,9,Normal,2026-02-22,2752.7,1051531.4
INV00056,PRD0010,WH001,696,43,49,Normal,2026-03-04,1036.03,721076.88
INV00057,PRD0010,WH002,454,43,49,Normal,2026-02-17,1036.03,470357.62
INV00058,PRD0010,WH004,805,43,49,Normal,2026-03-06,1036.03,834004.15
INV00059,PRD0010,WH005,397,43,49,Normal,2026-02-20,1036.03,411303.91
INV00060,PRD0010,WH006,787,43,49,Normal,2026-02-26,1036.03,815355.61
INV00061,PRD0010,WH007,874,43,49,Normal,2026-02-11,1036.03,905490.22
INV00062,PRD0010,WH008,49,43,49,Normal,2026-02-24,1036.03,50765.47
INV00063,PRD0011,WH004,448,31,36,Normal,2026-02-10,323.44,144901.12
INV00064,PRD0011,WH005,262,31,36,Normal,2026-03-01,323.44,84741.28
INV00065,PRD0011,WH007,76,31,36,Normal,2026-02-21,323.44,24581.44
INV00066,PRD0011,WH008,702,31,36,Normal,2026-02-19,323.44,227054.88
INV00067,PRD0012,WH001,888,51,11,Normal,2026-02-21,124.51,110564.88
INV00068,PRD0012,WH002,978,51,11,Normal,2026-03-01,124.51,121770.78
INV00069,PRD0012,WH003,87,51,11,Normal,2026-02-24,124.51,10832.37
INV00070,PRD0012,WH004,590,51,11,Normal,2026-02-12,124.51,73460.9
INV00071,PRD0012,WH005,492,51,11,Normal,2026-03-06,124.51,61258.92
INV00072,PRD0012,WH006,403,51,11,Normal,2026-02-24,124.51,50177.53
INV00073,PRD0012,WH007,724,51,11,Normal,2026-02-13,124.51,90145.24
INV00074,PRD0012,WH008,618,51,11,Normal,2026-02-25,124.51,76947.18
INV00075,PRD0013,WH001,852,62,12,Normal,2026-02-19,776.86,661884.72
INV00076,PRD0013,WH002,485,62,12,Normal,2026-03-01,776.86,376777.1
INV00077,PRD0013,WH004,938,62,12,Normal,2026-02-28,776.86,728694.68
INV00078,PRD0013,WH005,470,62,12,Normal,2026-02-27,776.86,365124.2
INV00079,PRD0013,WH007,296,62,12,Normal,2026-02-20,776.86,229950.56
INV00080,PRD0013,WH008,377,62,12,Normal,2026-02-22,776.86,292876.22
INV00081,PRD0014,WH001,512,27,21,Normal,2026-03-09,1383.81,708510.72
INV00082,PRD0014,WH002,250,27,21,Normal,2026-03-01,1383.81,345952.5
INV00083,PRD0014,WH003,752,27,21,Normal,2026-02-15,1383.81,1040625.12
INV00084,PRD0014,WH006,396,27,21,Normal,2026-03-09,1383.81,547988.76
INV00085,PRD0014,WH007,867,27,21,Normal,2026-03-02,1383.81,1199763.27
INV00086,PRD0014,WH008,380,27,21,Normal,2026-02-17,1383.81,525847.8
INV00087,PRD0015,WH001,904,52,38,Normal,2026-02-28,2085.39,1885192.56
INV00088,PRD0015,WH002,544,52,38,Normal,2026-02-20,2085.39,1134452.16
INV00089,PRD0015,WH003,753,52,38,Normal,2026-02-12,2085.39,1570298.67
INV00090,PRD0015,WH004,501,52,38,Normal,2026-03-11,2085.39,1044780.39
INV00091,PRD0015,WH006,485,52,38,Normal,2026-02-25,2085.39,1011414.15
INV00092,PRD0015,WH007,777,52,38,Normal,2026-02-24,2085.39,1620348.03
INV00093,PRD0016,WH002,535,47,23,Normal,2026-03-06,1265.94,677277.9
INV00094,PRD0016,WH003,668,47,23,Normal,2026-02-23,1265.94,845647.92
INV00095,PRD0016,WH004,831,47,23,Normal,2026-03-03,1265.94,1051996.14
INV00096,PRD0016,WH005,395,47,23,Normal,2026-02-14,1265.94,500046.3
INV00097,PRD0016,WH007,767,47,23,Normal,2026-03-02,1265.94,970975.98
INV00098,PRD0016,WH008,962,47,23,Normal,2026-02-27,1265.94,1217834.28
INV00099,PRD0017,WH002,90,34,45,Normal,2026-02-24,1123.59,101123.1
INV00100,PRD0017,WH004,807,34,45,Normal,2026-03-09,1123.59,906737.13
INV00101,PRD0017,WH005,672,34,45,Normal,2026-02-15,1123.59,755052.48
INV00102,PRD0017,WH006,954,34,45,Normal,2026-02-10,1123.59,1071904.86
INV00103,PRD0017,WH008,404,34,45,Normal,2026-02-14,1123.59,453930.36
INV00104,PRD0018,WH002,451,72,31,Normal,2026-02-16,1556.92,702170.92
INV00105,PRD0018,WH003,714,72,31,Normal,2026-03-04,1556.92,1111640.88
INV00106,PRD0018,WH006,39,72,31,Low,2026-02-10,1556.92,60719.88
INV00107,PRD0018,WH007,65,72,31,Low,2026-03-01,1556.92,101199.8
INV00108,PRD0018,WH008,856,72,31,Normal,2026-02-28,1556.92,1332723.52
INV00109,PRD0019,WH001,910,40,12,Normal,2026-02-18,2174.08,1978412.8
INV00110,PRD0019,WH002,222,40,12,Normal,2026-02-15,2174.08,482645.76
INV00111,PRD0019,WH003,63,40,12,Normal,2026-03-11,2174.08,136967.04
INV00112,PRD0019,WH004,205,40,12,Normal,2026-03-05,2174.08,445686.4
INV00113,PRD0019,WH005,728,40,12,Normal,2026-02-22,2174.08,1582730.24
INV00114,PRD0019,WH006,811,40,12,Normal,2026-02-23,2174.08,1763178.88
INV00115,PRD0019,WH007,367,40,12,Normal,2026-02-21,2174.08,797887.36
INV00116,PRD0019,WH008,398,40,12,Normal,2026-03-05,2174.08,865283.84
INV00117,PRD0020,WH002,473,33,18,Normal,2026-02-28,1027.3,485912.9
INV00118,PRD0020,WH003,988,33,18,Normal,2026-03-09,1027.3,1014972.4
INV00119,PRD0020,WH004,729,33,18,Normal,2026-02-22,1027.3,748901.7
INV00120,PRD0020,WH005,56,33,18,Normal,2026-03-05,1027.3,57528.8
INV00121,PRD0020,WH006,859,33,18,Normal,2026-02-27,1027.3,882450.7
INV00122,PRD0020,WH007,110,33,18,Normal,2026-02-20,1027.3,113003.0
INV00123,PRD0021,WH001,372,45,46,Normal,2026-03-08,2012.98,748828.56
INV00124,PRD0021,WH002,913,45,46,Normal,2026-02-11,2012.98,1837850.74
INV00125,PRD0021,WH003,894,45,46,Normal,2026-03-04,2012.98,1799604.12
INV00126,PRD0021,WH004,746,45,46,Normal,2026-03-07,2012.98,1501683.08
INV00127,PRD0021,WH005,646,45,46,Normal,2026-02-22,2012.98,1300385.08
INV00128,PRD0021,WH006,646,45,46,Normal,2026-02-18,2012.98,1300385.08
INV00129,PRD0021,WH008,953,45,46,Normal,2026-02-17,2012.98,1918369.94
INV00130,PRD0022,WH002,908,81,12,Normal,2026-02-26,225.82,205044.56
INV00131,PRD0022,WH004,324,81,12,Normal,2026-03-06,225.82,73165.68
INV00132,PRD0022,WH005,557,81,12,Normal,2026-02-10,225.82,125781.74
INV00133,PRD0022,WH006,471,81,12,Normal,2026-02-22,225.82,106361.22
INV00134,PRD0022,WH007,62,81,12,Low,2026-03-07,225.82,14000.84
INV00135,PRD0022,WH008,305,81,12,Normal,2026-02-17,225.82,68875.1
INV00136,PRD0023,WH001,598,50,5,Normal,2026-02-15,49.91,29846.18
INV00137,PRD0023,WH002,37,50,5,Low,2026-02-21,49.91,1846.67
INV00138,PRD0023,WH003,186,50,5,Normal,2026-03-08,49.91,9283.26
INV00139,PRD0023,WH004,942,50,5,Normal,2026-03-09,49.91,47015.22
INV00140,PRD0023,WH005,623,50,5,Normal,2026-02-13,49.91,31093.93
INV00141,PRD0023,WH006,952,50,5,Normal,2026-02-15,49.91,47514.32
INV00142,PRD0024,WH001,997,68,25,Normal,2026-02-25,1188.96,1185393.12
INV00143,PRD0024,WH002,489,68,25,Normal,2026-03-06,1188.96,581401.44
INV00144,PRD0024,WH004,587,68,25,Normal,2026-02-20,1188.96,697919.52
INV00145,PRD0024,WH006,845,68,25,Normal,2026-02-25,1188.96,1004671.2
INV00146,PRD0024,WH008,400,68,25,Normal,2026-02-25,1188.96,475584.0
INV00147,PRD0025,WH001,199,30,47,Normal,2026-02-17,996.98,198399.02
INV00148,PRD0025,WH002,268,30,47,Normal,2026-02-12,996.98,267190.64
INV00149,PRD0025,WH003,160,30,47,Normal,2026-03-02,996.98,159516.8
INV00150,PRD0025,WH005,558,30,47,Normal,2026-02-16,996.98,556314.84
INV00151,PRD0025,WH006,294,30,47,Normal,2026-03-10,996.98,293112.12
INV00152,PRD0025,WH008,85,30,47,Normal,2026-02-11,996.98,84743.3
INV00153,PRD0026,WH001,759,24,8,Normal,2026-02-14,2873.06,2180652.54
INV00154,PRD0026,WH002,69,24,8,Normal,2026-02-17,2873.06,198241.14
INV00155,PRD0026,WH003,176,24,8,Normal,2026-02-26,2873.06,505658.56
INV00156,PRD0026,WH004,661,24,8,Normal,2026-03-07,2873.06,1899092.66
INV00157,PRD0026,WH005,739,24,8,Normal,2026-02-16,2873.06,2123191.34
INV00158,PRD0026,WH006,815,24,8,Normal,2026-03-05,2873.06,2341543.9
INV00159,PRD0026,WH007,87,24,8,Normal,2026-02-21,2873.06,249956.22
INV00160,PRD0026,WH008,682,24,8,Normal,2026-02-17,2873.06,1959426.92
INV00161,PRD0027,WH001,373,40,40,Normal,2026-03-01,1718.7,641075.1
INV00162,PRD0027,WH002,614,40,40,Normal,2026-02-28,1718.7,1055281.8
INV00163,PRD0027,WH005,904,40,40,Normal,2026-03-05,1718.7,1553704.8
INV00164,PRD0027,WH007,569,40,40,Normal,2026-02-18,1718.7,977940.3
INV00165,PRD0027,WH008,26,40,40,Critical,2026-02-25,1718.7,44686.2
INV00166,PRD0028,WH001,919,10,11,Normal,2026-02-13,2119.03,1947388.57
INV00167,PRD0028,WH002,5,10,11,Critical,2026-02-13,2119.03,10595.15
INV00168,PRD0028,WH003,154,10,11,Normal,2026-02-22,2119.03,326330.62
INV00169,PRD0028,WH004,560,10,11,Normal,2026-02-15,2119.03,1186656.8
INV00170,PRD0028,WH005,730,10,11,Normal,2026-02-13,2119.03,1546891.9
INV00171,PRD0028,WH007,816,10,11,Normal,2026-02-26,2119.03,1729128.48
INV00172,PRD0029,WH001,556,70,37,Normal,2026-02-16,626.39,348272.84
INV00173,PRD0029,WH002,539,70,37,Normal,2026-02-20,626.39,337624.21
INV00174,PRD0029,WH003,106,70,37,Normal,2026-03-07,626.39,66397.34
INV00175,PRD0029,WH004,915,70,37,Normal,2026-02-16,626.39,573146.85
INV00176,PRD0029,WH006,612,70,37,Normal,2026-03-09,626.39,383350.68
INV00177,PRD0029,WH007,307,70,37,Normal,2026-02-21,626.39,192301.73
INV00178,PRD0029,WH008,160,70,37,Normal,2026-03-09,626.39,100222.4
INV00179,PRD0030,WH001,680,26,30,Normal,2026-02-17,2713.26,1845016.8
INV00180,PRD0030,WH002,755,26,30,Normal,2026-02-22,2713.26,2048511.3
INV00181,PRD0030,WH003,422,26,30,Normal,2026-02-19,2713.26,1144995.72
INV00182,PRD0030,WH005,34,26,30,Normal,2026-02-17,2713.26,92250.84
INV00183,PRD0030,WH006,154,26,30,Normal,2026-02-21,2713.26,417842.04
INV00184,PRD0030,WH007,251,26,30,Normal,2026-02-13,2713.26,681028.26
INV00185,PRD0031,WH002,563,63,16,Normal,2026-03-09,1424.24,801847.12
INV00186,PRD0031,WH003,743,63,16,Normal,2026-02-20,1424.24,1058210.32
INV00187,PRD0031,WH004,538,63,16,Normal,2026-02-24,1424.24,766241.12
INV00188,PRD0031,WH005,957,63,16,Normal,2026-03-10,1424.24,1362997.68
INV00189,PRD0031,WH006,323,63,16,Normal,2026-02-16,1424.24,460029.52
INV00190,PRD0031,WH007,317,63,16,Normal,2026-02-12,1424.24,451484.08
INV00191,PRD0031,WH008,964,63,16,Normal,2026-02-10,1424.24,1372967.36
INV00192,PRD0032,WH001,26,71,7,Low,2026-02-14,936.72,24354.72
INV00193,PRD0032,WH002,346,71,7,Normal,2026-02-26,936.72,324105.12
INV00194,PRD0032,WH003,666,71,7,Normal,2026-02-21,936.72,623855.52
INV00195,PRD0032,WH005,111,71,7,Normal,2026-02-26,936.72,103975.92
INV00196,PRD0032,WH007,569,71,7,Normal,2026-02-15,936.72,532993.68
INV00197,PRD0032,WH008,843,71,7,Normal,2026-02-22,936.72,789654.96
INV00198,PRD0033,WH001,608,11,47,Normal,2026-03-09,1454.58,884384.64
INV00199,PRD0033,WH002,989,11,47,Normal,2026-02-13,1454.58,1438579.62
INV00200,PRD0033,WH004,81,11,47,Normal,2026-02-22,1454.58,117820.98
INV00201,PRD0033,WH005,457,11,47,Normal,2026-03-01,1454.58,664743.06
INV00202,PRD0033,WH006,790,11,47,Normal,2026-03-03,1454.58,1149118.2
INV00203,PRD0033,WH007,977,11,47,Normal,2026-02-17,1454.58,1421124.66
INV00204,PRD0033,WH008,198,11,47,Normal,2026-02-13,1454.58,288006.84
INV00205,PRD0034,WH001,804,26,38,Normal,2026-03-06,536.19,431096.76
INV00206,PRD0034,WH002,397,26,38,Normal,2026-03-05,536.19,212867.43
INV00207,PRD0034,WH003,248,26,38,Normal,2026-02-21,536.19,132975.12
INV00208,PRD0034,WH004,239,26,38,Normal,2026-02-28,536.19,128149.41
INV00209,PRD0034,WH005,454,26,38,Normal,2026-02-19,536.19,243430.26
INV00210,PRD0034,WH006,761,26,38,Normal,2026-03-04,536.19,408040.59
INV00211,PRD0034,WH007,997,26,38,Normal,2026-02-24,536.19,534581.43
INV00212,PRD0035,WH001,591,29,47,Normal,2026-02-26,127.11,75122.01
INV00213,PRD0035,WH002,151,29,47,Normal,2026-02-28,127.11,19193.61
INV00214,PRD0035,WH004,709,29,47,Normal,2026-03-04,127.11,90120.99
INV00215,PRD0035,WH005,913,29,47,Normal,2026-02-18,127.11,116051.43
INV00216,PRD0035,WH008,353,29,47,Normal,2026-03-05,127.11,44869.83
INV00217,PRD0036,WH004,654,31,25,Normal,2026-02-27,57.3,37474.2
INV00218,PRD0036,WH005,295,31,25,Normal,2026-03-04,57.3,16903.5
INV00219,PRD0036,WH006,51,31,25,Normal,2026-03-08,57.3,2922.3
INV00220,PRD0036,WH007,168,31,25,Normal,2026-02-13,57.3,9626.4
INV00221,PRD0037,WH002,648,30,24,Normal,2026-03-09,69.93,45314.64
INV00222,PRD0037,WH004,769,30,24,Normal,2026-02-19,69.93,53776.17
INV00223,PRD0037,WH005,639,30,24,Normal,2026-02-13,69.93,44685.27
INV00224,PRD0037,WH006,930,30,24,Normal,2026-02-14,69.93,65034.9
INV00225,PRD0037,WH007,437,30,24,Normal,2026-02-16,69.93,30559.41
INV00226,PRD0038,WH002,601,42,13,Normal,2026-03-03,1297.98,780085.98
INV00227,PRD0038,WH003,241,42,13,Normal,2026-03-09,1297.98,312813.18
INV00228,PRD0038,WH004,419,42,13,Normal,2026-02-19,1297.98,543853.62
INV00229,PRD0038,WH005,585,42,13,Normal,2026-02-25,1297.98,759318.3
INV00230,PRD0038,WH006,759,42,13,Normal,2026-02-20,1297.98,985166.82
INV00231,PRD0038,WH007,594,42,13,Normal,2026-03-01,1297.98,771000.12
INV00232,PRD0039,WH001,449,70,32,Normal,2026-03-02,1471.23,660582.27
INV00233,PRD0039,WH002,496,70,32,Normal,2026-02-22,1471.23,729730.08
INV00234,PRD0039,WH003,237,70,32,Normal,2026-02-19,1471.23,348681.51
INV00235,PRD0039,WH004,373,70,32,Normal,2026-03-03,1471.23,548768.79
INV00236,PRD0039,WH006,541,70,32,Normal,2026-02-22,1471.23,795935.43
INV00237,PRD0039,WH007,536,70,32,Normal,2026-03-09,1471.23,788579.28
INV00238,PRD0039,WH008,306,70,32,Normal,2026-03-01,1471.23,450196.38
INV00239,PRD0040,WH001,609,61,31,Normal,2026-03-09,1520.0,925680.0
INV00240,PRD0040,WH002,354,61,31,Normal,2026-02-23,1520.0,538080.0
INV00241,PRD0040,WH003,893,61,31,Normal,2026-02-20,1520.0,1357360.0
INV00242,PRD0040,WH004,119,61,31,Normal,2026-03-05,1520.0,180880.0
INV00243,PRD0040,WH006,626,61,31,Normal,2026-03-07,1520.0,951520.0
INV00244,PRD0040,WH007,982,61,31,Normal,2026-02-17,1520.0,1492640.0
INV00245,PRD0041,WH001,740,20,50,Normal,2026-03-08,1652.87,1223123.8
INV00246,PRD0041,WH002,399,20,50,Normal,2026-02-22,1652.87,659495.13
INV00247,PRD0041,WH004,864,20,50,Normal,2026-03-05,1652.87,1428079.68
INV00248,PRD0041,WH005,185,20,50,Normal,2026-03-11,1652.87,305780.95
INV00249,PRD0041,WH006,256,20,50,Normal,2026-02-14,1652.87,423134.72
INV00250,PRD0041,WH007,494,20,50,Normal,2026-03-03,1652.87,816517.78
INV00251,PRD0042,WH001,161,66,9,Normal,2026-03-07,1556.28,250561.08
INV00252,PRD0042,WH005,378,66,9,Normal,2026-02-11,1556.28,588273.84
INV00253,PRD0042,WH006,834,66,9,Normal,2026-02-10,1556.28,1297937.52
INV00254,PRD0042,WH008,635,66,9,Normal,2026-02-23,1556.28,988237.8
INV00255,PRD0043,WH002,576,47,23,Normal,2026-03-08,1744.63,1004906.88
INV00256,PRD0043,WH003,480,47,23,Normal,2026-03-07,1744.63,837422.4
INV00257,PRD0043,WH004,504,47,23,Normal,2026-02-26,1744.63,879293.52
INV00258,PRD0043,WH005,684,47,23,Normal,2026-02-26,1744.63,1193326.92
INV00259,PRD0043,WH006,996,47,23,Normal,2026-03-01,1744.63,1737651.48
INV00260,PRD0043,WH008,833,47,23,Normal,2026-03-11,1744.63,1453276.79
INV00261,PRD0044,WH001,654,14,49,Normal,2026-03-11,1525.07,997395.78
INV00262,PRD0044,WH002,940,14,49,Normal,2026-03-10,1525.07,1433565.8
INV00263,PRD0044,WH004,327,14,49,Normal,2026-02-22,1525.07,498697.89
INV00264,PRD0044,WH006,448,14,49,Normal,2026-03-05,1525.07,683231.36
INV00265,PRD0044,WH008,373,14,49,Normal,2026-02-12,1525.07,568851.11
INV00266,PRD0045,WH002,580,73,19,Normal,2026-02-11,1391.77,807226.6
INV00267,PRD0045,WH005,189,73,19,Normal,2026-03-05,1391.77,263044.53
INV00268,PRD0045,WH008,890,73,19,Normal,2026-02-17,1391.77,1238675.3
INV00269,PRD0046,WH001,137,85,24,Normal,2026-03-09,1508.0,206596.0
INV00270,PRD0046,WH004,932,85,24,Normal,2026-02-28,1508.0,1405456.0
INV00271,PRD0046,WH006,416,85,24,Normal,2026-03-05,1508.0,627328.0
INV00272,PRD0046,WH007,207,85,24,Normal,2026-02-11,1508.0,312156.0
INV00273,PRD0046,WH008,810,85,24,Normal,2026-03-09,1508.0,1221480.0
INV00274,PRD0047,WH002,627,26,45,Normal,2026-03-11,1216.29,762613.83
INV00275,PRD0047,WH003,321,26,45,Normal,2026-02-28,1216.29,390429.09
INV00276,PRD0047,WH004,840,26,45,Normal,2026-02-14,1216.29,1021683.6
INV00277,PRD0047,WH005,554,26,45,Normal,2026-02-20,1216.29,673824.66
INV00278,PRD0047,WH007,830,26,45,Normal,2026-02-14,1216.29,1009520.7
INV00279,PRD0048,WH002,608,11,24,Normal,2026-02-16,2618.68,1592157.44
INV00280,PRD0048,WH003,0,11,24,Critical,2026-03-03,2618.68,0.0
INV00281,PRD0048,WH004,573,11,24,Normal,2026-02-21,2618.68,1500503.64
INV00282,PRD0048,WH005,644,11,24,Normal,2026-02-18,2618.68,1686429.92
INV00283,PRD0048,WH006,481,11,24,Normal,2026-03-04,2618.68,1259585.08
INV00284,PRD0048,WH007,880,11,24,Normal,2026-02-16,2618.68,2304438.4
INV00285,PRD0048,WH008,796,11,24,Normal,2026-02-14,2618.68,2084469.28
INV00286,PRD0049,WH001,487,26,30,Normal,2026-02-19,1141.55,555934.85
INV00287,PRD0049,WH002,476,26,30,Normal,2026-02-19,1141.55,543377.8
INV00288,PRD0049,WH003,435,26,30,Normal,2026-02-23,1141.55,496574.25
INV00289,PRD0049,WH005,480,26,30,Normal,2026-02-13,1141.55,547944.0
INV00290,PRD0049,WH006,594,26,30,Normal,2026-02-19,1141.55,678080.7
INV00291,PRD0049,WH007,527,26,30,Normal,2026-03-02,1141.55,601596.85
INV00292,PRD0049,WH008,888,26,30,Normal,2026-02-13,1141.55,1013696.4
INV00293,PRD0050,WH001,394,33,12,Normal,2026-03-10,909.75,358441.5
INV00294,PRD0050,WH002,582,33,12,Normal,2026-03-09,909.75,529474.5
INV00295,PRD0050,WH003,583,33,12,Normal,2026-03-02,909.75,530384.25
INV00296,PRD0050,WH004,515,33,12,Normal,2026-02-15,909.75,468521.25
INV00297,PRD0050,WH005,952,33,12,Normal,2026-03-05,909.75,866082.0
INV00298,PRD0050,WH006,11,33,12,Critical,2026-02-28,909.75,10007.25
INV00299,PRD0050,WH007,772,33,12,Normal,2026-02-23,909.75,702327.0
INV00300,PRD0051,WH001,284,49,24,Normal,2026-02-26,1685.98,478818.32
INV00301,PRD0051,WH002,677,49,24,Normal,2026-02-12,1685.98,1141408.46
INV00302,PRD0051,WH004,615,49,24,Normal,2026-02-23,1685.98,1036877.7
INV00303,PRD0051,WH005,967,49,24,Normal,2026-02-12,1685.98,1630342.66
INV00304,PRD0051,WH006,996,49,24,Normal,2026-02-14,1685.98,1679236.08
INV00305,PRD0051,WH007,994,49,24,Normal,2026-02-25,1685.98,1675864.12
INV00306,PRD0051,WH008,27,49,24,Low,2026-02-12,1685.98,45521.46
INV00307,PRD0052,WH001,17,55,16,Low,2026-03-11,1853.67,31512.39
INV00308,PRD0052,WH002,626,55,16,Normal,2026-02-14,1853.67,1160397.42
INV00309,PRD0052,WH005,414,55,16,Normal,2026-02-19,1853.67,767419.38
INV00310,PRD0052,WH006,459,55,16,Normal,2026-02-12,1853.67,850834.53
INV00311,PRD0052,WH007,353,55,16,Normal,2026-03-07,1853.67,654345.51
INV00312,PRD0053,WH002,311,68,24,Normal,2026-02-16,1661.97,516872.67
INV00313,PRD0053,WH003,755,68,24,Normal,2026-02-10,1661.97,1254787.35
INV00314,PRD0053,WH004,511,68,24,Normal,2026-03-01,1661.97,849266.67
INV00315,PRD0053,WH006,327,68,24,Normal,2026-02-28,1661.97,543464.19
INV00316,PRD0053,WH008,789,68,24,Normal,2026-03-09,1661.97,1311294.33
INV00317,PRD0054,WH001,968,94,45,Normal,2026-03-10,1829.56,1771014.08
INV00318,PRD0054,WH002,168,94,45,Normal,2026-03-11,1829.56,307366.08
INV00319,PRD0054,WH004,566,94,45,Normal,2026-02-21,1829.56,1035530.96
INV00320,PRD0054,WH006,805,94,45,Normal,2026-02-11,1829.56,1472795.8
INV00321,PRD0054,WH007,566,94,45,Normal,2026-02-21,1829.56,1035530.96
INV00322,PRD0054,WH008,35,94,45,Critical,2026-02-22,1829.56,64034.6
INV00323,PRD0055,WH001,687,14,46,Normal,2026-02-20,1387.13,952958.31
INV00324,PRD0055,WH002,7,14,46,Critical,2026-03-11,1387.13,9709.91
INV00325,PRD0055,WH003,728,14,46,Normal,2026-02-24,1387.13,1009830.64
INV00326,PRD0055,WH004,205,14,46,Normal,2026-03-10,1387.13,284361.65
INV00327,PRD0055,WH005,825,14,46,Normal,2026-02-24,1387.13,1144382.25
INV00328,PRD0055,WH008,633,14,46,Normal,2026-02-15,1387.13,878053.29
INV00329,PRD0056,WH001,145,59,27,Normal,2026-02-10,1257.83,182385.35
INV00330,PRD0056,WH002,222,59,27,Normal,2026-03-09,1257.83,279238.26
INV00331,PRD0056,WH003,968,59,27,Normal,2026-02-20,1257.83,1217579.44
INV00332,PRD0056,WH004,787,59,27,Normal,2026-02-27,1257.83,989912.21
INV00333,PRD0056,WH005,714,59,27,Normal,2026-03-10,1257.83,898090.62
INV00334,PRD0056,WH006,357,59,27,Normal,2026-02-19,1257.83,449045.31
INV00335,PRD0057,WH002,459,81,38,Normal,2026-02-19,2681.04,1230597.36
INV00336,PRD0057,WH004,547,81,38,Normal,2026-02-25,2681.04,1466528.88
INV00337,PRD0057,WH006,248,81,38,Normal,2026-02-28,2681.04,664897.92
INV00338,PRD0057,WH007,800,81,38,Normal,2026-03-10,2681.04,2144832.0
INV00339,PRD0058,WH001,495,57,49,Normal,2026-02-28,1401.08,693534.6
INV00340,PRD0058,WH002,533,57,49,Normal,2026-03-06,1401.08,746775.64
INV00341,PRD0058,WH003,229,57,49,Normal,2026-02-15,1401.08,320847.32
INV00342,PRD0058,WH004,898,57,49,Normal,2026-02-28,1401.08,1258169.84
INV00343,PRD0058,WH005,789,57,49,Normal,2026-02-16,1401.08,1105452.12
INV00344,PRD0058,WH008,587,57,49,Normal,2026-02-28,1401.08,822433.96
INV00345,PRD0059,WH003,490,74,35,Normal,2026-02-24,1855.66,909273.4
INV00346,PRD0059,WH005,436,74,35,Normal,2026-02-17,1855.66,809067.76
INV00347,PRD0059,WH006,579,74,35,Normal,2026-03-03,1855.66,1074427.14
INV00348,PRD0059,WH008,380,74,35,Normal,2026-03-07,1855.66,705150.8
INV00349,PRD0060,WH001,34,82,39,Critical,2026-02-28,1205.03,40971.02
INV00350,PRD0060,WH002,267,82,39,Normal,2026-03-04,1205.03,321743.01
INV00351,PRD0060,WH003,513,82,39,Normal,2026-02-27,1205.03,618180.39
INV00352,PRD0060,WH005,797,82,39,Normal,2026-03-11,1205.03,960408.91
INV00353,PRD0060,WH006,528,82,39,Normal,2026-02-23,1205.03,636255.84
INV00354,PRD0060,WH007,433,82,39,Normal,2026-02-13,1205.03,521777.99
INV00355,PRD0060,WH008,203,82,39,Normal,2026-02-19,1205.03,244621.09
INV00356,PRD0061,WH001,435,97,5,Normal,2026-03-10,1126.5,490027.5
INV00357,PRD0061,WH002,423,97,5,Normal,2026-03-04,1126.5,476509.5
INV00358,PRD0061,WH004,492,97,5,Normal,2026-02-18,1126.5,554238.0
INV00359,PRD0061,WH005,956,97,5,Normal,2026-02-24,1126.5,1076934.0
INV00360,PRD0061,WH006,364,97,5,Normal,2026-02-12,1126.5,410046.0
INV00361,PRD0061,WH007,249,97,5,Normal,2026-03-04,1126.5,280498.5
INV00362,PRD0061,WH008,771,97,5,Normal,2026-02-25,1126.5,868531.5
INV00363,PRD0062,WH001,297,42,24,Normal,2026-02-15,324.0,96228.0
INV00364,PRD0062,WH004,775,42,24,Normal,2026-02-22,324.0,251100.0
INV00365,PRD0062,WH005,909,42,24,Normal,2026-03-03,324.0,294516.0
INV00366,PRD0062,WH006,921,42,24,Normal,2026-03-07,324.0,298404.0
INV00367,PRD0062,WH007,362,42,24,Normal,2026-03-08,324.0,117288.0
INV00368,PRD0062,WH008,300,42,24,Normal,2026-02-10,324.0,97200.0
INV00369,PRD0063,WH002,844,64,32,Normal,2026-03-05,2969.08,2505903.52
INV00370,PRD0063,WH003,545,64,32,Normal,2026-03-04,2969.08,1618148.6
INV00371,PRD0063,WH004,755,64,32,Normal,2026-03-08,2969.08,2241655.4
INV00372,PRD0063,WH005,66,64,32,Normal,2026-02-22,2969.08,195959.28
INV00373,PRD0063,WH007,327,64,32,Normal,2026-03-07,2969.08,970889.16
INV00374,PRD0063,WH008,541,64,32,Normal,2026-02-26,2969.08,1606272.28
INV00375,PRD0064,WH001,216,48,44,Normal,2026-02-23,1504.29,324926.64
INV00376,PRD0064,WH002,515,48,44,Normal,2026-03-07,1504.29,774709.35
INV00377,PRD0064,WH004,483,48,44,Normal,2026-02-11,1504.29,726572.07
INV00378,PRD0064,WH005,47,48,44,Low,2026-02-18,1504.29,70701.63
INV00379,PRD0064,WH006,156,48,44,Normal,2026-02-25,1504.29,234669.24
INV00380,PRD0065,WH001,87,56,28,Normal,2026-03-07,2751.46,239377.02
INV00381,PRD0065,WH002,808,56,28,Normal,2026-03-09,2751.46,2223179.68
INV00382,PRD0065,WH003,972,56,28,Normal,2026-02-10,2751.46,2674419.12
INV00383,PRD0065,WH004,310,56,28,Normal,2026-02-13,2751.46,852952.6
INV00384,PRD0065,WH005,119,56,28,Normal,2026-02-11,2751.46,327423.74
INV00385,PRD0065,WH006,14,56,28,Critical,2026-02-18,2751.46,38520.44
INV00386,PRD0065,WH007,121,56,28,Normal,2026-02-14,2751.46,332926.66
INV00387,PRD0065,WH008,696,56,28,Normal,2026-02-24,2751.46,1915016.16
INV00388,PRD0066,WH001,88,96,44,Low,2026-02-10,2272.03,199938.64
INV00389,PRD0066,WH002,375,96,44,Normal,2026-02-28,2272.03,852011.25
INV00390,PRD0066,WH003,992,96,44,Normal,2026-02-13,2272.03,2253853.76
INV00391,PRD0066,WH004,236,96,44,Normal,2026-03-05,2272.03,536199.08
INV00392,PRD0066,WH005,17,96,44,Critical,2026-03-05,2272.03,38624.51
INV00393,PRD0066,WH006,451,96,44,Normal,2026-03-08,2272.03,1024685.53
INV00394,PRD0066,WH007,364,96,44,Normal,2026-03-11,2272.03,827018.92
INV00395,PRD0067,WH002,343,100,14,Normal,2026-03-07,1268.84,435212.12
INV00396,PRD0067,WH003,34,100,14,Low,2026-03-05,1268.84,43140.56
INV00397,PRD0067,WH004,567,100,14,Normal,2026-03-03,1268.84,719432.28
INV00398,PRD0067,WH005,133,100,14,Normal,2026-02-10,1268.84,168755.72
INV00399,PRD0067,WH006,23,100,14,Low,2026-02-27,1268.84,29183.32
INV00400,PRD0067,WH007,913,100,14,Normal,2026-03-07,1268.84,1158450.92
INV00401,PRD0067,WH008,698,100,14,Normal,2026-03-04,1268.84,885650.32
INV00402,PRD0068,WH002,317,73,29,Normal,2026-03-02,971.53,307975.01
INV00403,PRD0068,WH003,315,73,29,Normal,2026-02-23,971.53,306031.95
INV00404,PRD0068,WH004,340,73,29,Normal,2026-03-09,971.53,330320.2
INV00405,PRD0068,WH005,356,73,29,Normal,2026-02-28,971.53,345864.68
INV00406,PRD0068,WH006,872,73,29,Normal,2026-02-11,971.53,847174.16
INV00407,PRD0068,WH007,844,73,29,Normal,2026-02-16,971.53,819971.32
INV00408,PRD0068,WH008,41,73,29,Low,2026-02-28,971.53,39832.73
INV00409,PRD0069,WH001,230,20,38,Normal,2026-02-20,779.99,179397.7
INV00410,PRD0069,WH002,403,20,38,Normal,2026-02-13,779.99,314335.97
INV00411,PRD0069,WH008,789,20,38,Normal,2026-02-20,779.99,615412.11
INV00412,PRD0070,WH001,761,92,42,Normal,2026-02-18,2070.78,1575863.58
INV00413,PRD0070,WH004,241,92,42,Normal,2026-02-17,2070.78,499057.98
INV00414,PRD0070,WH005,801,92,42,Normal,2026-02-15,2070.78,1658694.78
INV00415,PRD0070,WH006,303,92,42,Normal,2026-03-11,2070.78,627446.34
INV00416,PRD0070,WH007,683,92,42,Normal,2026-02-12,2070.78,1414342.74
INV00417,PRD0071,WH002,802,43,16,Normal,2026-02-14,2137.24,1714066.48
INV00418,PRD0071,WH003,849,43,16,Normal,2026-02-10,2137.24,1814516.76
INV00419,PRD0071,WH004,411,43,16,Normal,2026-02-22,2137.24,878405.64
INV00420,PRD0071,WH005,687,43,16,Normal,2026-02-10,2137.24,1468283.88
INV00421,PRD0071,WH006,788,43,16,Normal,2026-03-03,2137.24,1684145.12
INV00422,PRD0072,WH001,605,35,8,Normal,2026-03-11,1925.13,1164703.65
INV00423,PRD0072,WH002,727,35,8,Normal,2026-02-12,1925.13,1399569.51
INV00424,PRD0072,WH003,279,35,8,Normal,2026-03-10,1925.13,537111.27
INV00425,PRD0072,WH004,893,35,8,Normal,2026-02-14,1925.13,1719141.09
INV00426,PRD0072,WH005,563,35,8,Normal,2026-03-04,1925.13,1083848.19
INV00427,PRD0072,WH006,556,35,8,Normal,2026-02-11,1925.13,1070372.28
INV00428,PRD0072,WH007,427,35,8,Normal,2026-03-10,1925.13,822030.51
INV00429,PRD0072,WH008,169,35,8,Normal,2026-02-18,1925.13,325346.97
INV00430,PRD0073,WH001,106,63,6,Normal,2026-03-04,982.26,104119.56
INV00431,PRD0073,WH002,703,63,6,Normal,2026-02-21,982.26,690528.78
INV00432,PRD0073,WH003,112,63,6,Normal,2026-03-01,982.26,110013.12
INV00433,PRD0073,WH004,52,63,6,Low,2026-02-13,982.26,51077.52
INV00434,PRD0073,WH005,514,63,6,Normal,2026-03-11,982.26,504881.64
INV00435,PRD0073,WH006,215,63,6,Normal,2026-02-19,982.26,211185.9
INV00436,PRD0073,WH008,975,63,6,Normal,2026-03-03,982.26,957703.5
INV00437,PRD0074,WH001,991,48,11,Normal,2026-03-02,2168.22,2148706.02
INV00438,PRD0074,WH003,416,48,11,Normal,2026-02-27,2168.22,901979.52
INV00439,PRD0074,WH004,932,48,11,Normal,2026-02-26,2168.22,2020781.04
INV00440,PRD0074,WH005,228,48,11,Normal,2026-02-20,2168.22,494354.16
INV00441,PRD0074,WH006,235,48,11,Normal,2026-03-01,2168.22,509531.7
INV00442,PRD0074,WH007,558,48,11,Normal,2026-03-03,2168.22,1209866.76
INV00443,PRD0075,WH001,695,41,35,Normal,2026-02-22,413.94,287688.3
INV00444,PRD0075,WH005,333,41,35,Normal,2026-03-03,413.94,137842.02
INV00445,PRD0075,WH007,157,41,35,Normal,2026-02-23,413.94,64988.58
INV00446,PRD0075,WH008,237,41,35,Normal,2026-02-18,413.94,98103.78
INV00447,PRD0076,WH002,224,100,8,Normal,2026-02-13,1480.66,331667.84
INV00448,PRD0076,WH003,130,100,8,Normal,2026-02-17,1480.66,192485.8
INV00449,PRD0076,WH004,607,100,8,Normal,2026-02-19,1480.66,898760.62
INV00450,PRD0076,WH005,404,100,8,Normal,2026-02-19,1480.66,598186.64
INV00451,PRD0076,WH007,805,100,8,Normal,2026-03-01,1480.66,1191931.3
INV00452,PRD0076,WH008,907,100,8,Normal,2026-02-11,1480.66,1342958.62
INV00453,PRD0077,WH001,950,46,7,Normal,2026-02-10,116.88,111036.0
INV00454,PRD0077,WH002,763,46,7,Normal,2026-03-11,116.88,89179.44
INV00455,PRD0077,WH003,964,46,7,Normal,2026-02-13,116.88,112672.32
INV00456,PRD0077,WH004,286,46,7,Normal,2026-03-07,116.88,33427.68
INV00457,PRD0077,WH005,568,46,7,Normal,2026-02-12,116.88,66387.84
INV00458,PRD0077,WH007,517,46,7,Normal,2026-02-25,116.88,60426.96
INV00459,PRD0077,WH008,462,46,7,Normal,2026-02-10,116.88,53998.56
INV00460,PRD0078,WH002,667,51,32,Normal,2026-02-27,2250.79,1501276.93
INV00461,PRD0078,WH004,792,51,32,Normal,2026-02-28,2250.79,1782625.68
INV00462,PRD0078,WH005,955,51,32,Normal,2026-03-02,2250.79,2149504.45
INV00463,PRD0078,WH006,915,51,32,Normal,2026-02-20,2250.79,2059472.85
INV00464,PRD0078,WH008,966,51,32,Normal,2026-02-25,2250.79,2174263.14
INV00465,PRD0079,WH001,271,54,22,Normal,2026-02-11,1909.7,517528.7
INV00466,PRD0079,WH002,788,54,22,Normal,2026-03-07,1909.7,1504843.6
INV00467,PRD0079,WH005,37,54,22,Low,2026-02-23,1909.7,70658.9
INV00468,PRD0079,WH006,268,54,22,Normal,2026-02-19,1909.7,511799.6
INV00469,PRD0079,WH007,378,54,22,Normal,2026-03-05,1909.7,721866.6
INV00470,PRD0080,WH002,698,36,21,Normal,2026-03-06,625.58,436654.84
INV00471,PRD0080,WH003,757,36,21,Normal,2026-02-15,625.58,473564.06
INV00472,PRD0080,WH004,613,36,21,Normal,2026-03-05,625.58,383480.54
INV00473,PRD0080,WH005,424,36,21,Normal,2026-02-15,625.58,265245.92
INV00474,PRD0080,WH006,292,36,21,Normal,2026-02-13,625.58,182669.36
INV00475,PRD0080,WH007,377,36,21,Normal,2026-02-26,625.58,235843.66
INV00476,PRD0081,WH001,859,97,35,Normal,2026-02-10,1645.19,1413218.21
INV00477,PRD0081,WH002,904,97,35,Normal,2026-02-18,1645.19,1487251.76
INV00478,PRD0081,WH005,474,97,35,Normal,2026-02-16,1645.19,779820.06
INV00479,PRD0081,WH006,260,97,35,Normal,2026-03-04,1645.19,427749.4
INV00480,PRD0081,WH007,496,97,35,Normal,2026-03-06,1645.19,816014.24
INV00481,PRD0081,WH008,138,97,35,Normal,2026-02-12,1645.19,227036.22
INV00482,PRD0082,WH003,196,75,28,Normal,2026-03-03,1332.12,261095.52
INV00483,PRD0082,WH004,608,75,28,Normal,2026-02-23,1332.12,809928.96
INV00484,PRD0082,WH005,333,75,28,Normal,2026-03-03,1332.12,443595.96
INV00485,PRD0082,WH006,319,75,28,Normal,2026-02-25,1332.12,424946.28
INV00486,PRD0082,WH007,836,75,28,Normal,2026-02-18,1332.12,1113652.32
INV00487,PRD0082,WH008,426,75,28,Normal,2026-03-08,1332.12,567483.12
INV00488,PRD0083,WH002,288,82,27,Normal,2026-02-12,846.03,243656.64
INV00489,PRD0083,WH003,123,82,27,Normal,2026-02-19,846.03,104061.69
INV00490,PRD0083,WH004,267,82,27,Normal,2026-02-25,846.03,225890.01
INV00491,PRD0083,WH005,914,82,27,Normal,2026-03-04,846.03,773271.42
INV00492,PRD0083,WH007,445,82,27,Normal,2026-02-27,846.03,376483.35
INV00493,PRD0083,WH008,194,82,27,Normal,2026-02-24,846.03,164129.82
INV00494,PRD0084,WH001,289,36,33,Normal,2026-02-27,2807.14,811263.46
INV00495,PRD0084,WH003,394,36,33,Normal,2026-02-22,2807.14,1106013.16
INV00496,PRD0084,WH006,440,36,33,Normal,2026-02-12,2807.14,1235141.6
INV00497,PRD0084,WH007,851,36,33,Normal,2026-03-04,2807.14,2388876.14
INV00498,PRD0085,WH001,961,81,50,Normal,2026-02-11,2122.87,2040078.07
INV00499,PRD0085,WH003,352,81,50,Normal,2026-02-28,2122.87,747250.24
INV00500,PRD0085,WH006,279,81,50,Normal,2026-02-13,2122.87,592280.73
INV00501,PRD0085,WH007,891,81,50,Normal,2026-02-22,2122.87,1891477.17
INV00502,PRD0085,WH008,370,81,50,Normal,2026-03-10,2122.87,785461.9
INV00503,PRD0086,WH001,887,100,13,Normal,2026-02-23,572.8,508073.6
INV00504,PRD0086,WH002,6,100,13,Critical,2026-03-04,572.8,3436.8
INV00505,PRD0086,WH003,924,100,13,Normal,2026-03-01,572.8,529267.2
INV00506,PRD0086,WH004,653,100,13,Normal,2026-03-04,572.8,374038.4
INV00507,PRD0086,WH006,662,100,13,Normal,2026-02-11,572.8,379193.6
INV00508,PRD0086,WH007,944,100,13,Normal,2026-02-21,572.8,540723.2
INV00509,PRD0087,WH004,210,10,40,Normal,2026-03-04,513.11,107753.1
INV00510,PRD0087,WH005,708,10,40,Normal,2026-02-23,513.11,363281.88
INV00511,PRD0087,WH006,672,10,40,Normal,2026-02-12,513.11,344809.92
INV00512,PRD0087,WH007,500,10,40,Normal,2026-03-05,513.11,256555.0
INV00513,PRD0087,WH008,107,10,40,Normal,2026-02-25,513.11,54902.77
INV00514,PRD0088,WH001,254,57,41,Normal,2026-03-06,2801.65,711619.1
INV00515,PRD0088,WH003,462,57,41,Normal,2026-02-15,2801.65,1294362.3
INV00516,PRD0088,WH006,459,57,41,Normal,2026-02-14,2801.65,1285957.35
INV00517,PRD0088,WH007,738,57,41,Normal,2026-02-16,2801.65,2067617.7
INV00518,PRD0088,WH008,298,57,41,Normal,2026-02-17,2801.65,834891.7
INV00519,PRD0089,WH001,629,33,27,Normal,2026-03-02,1421.88,894362.52
INV00520,PRD0089,WH002,518,33,27,Normal,2026-03-10,1421.88,736533.84
INV00521,PRD0089,WH003,880,33,27,Normal,2026-02-10,1421.88,1251254.4
INV00522,PRD0089,WH005,299,33,27,Normal,2026-02-13,1421.88,425142.12
INV00523,PRD0089,WH006,550,33,27,Normal,2026-03-02,1421.88,782034.0
INV00524,PRD0089,WH007,655,33,27,Normal,2026-03-05,1421.88,931331.4
INV00525,PRD0089,WH008,770,33,27,Normal,2026-02-25,1421.88,1094847.6
INV00526,PRD0090,WH002,999,71,40,Normal,2026-03-02,739.72,738980.28
INV00527,PRD0090,WH003,274,71,40,Normal,2026-03-03,739.72,202683.28
INV00528,PRD0090,WH004,198,71,40,Normal,2026-02-26,739.72,146464.56
INV00529,PRD0090,WH005,206,71,40,Normal,2026-03-08,739.72,152382.32
INV00530,PRD0090,WH006,354,71,40,Normal,2026-02-17,739.72,261860.88
INV00531,PRD0090,WH007,506,71,40,Normal,2026-02-19,739.72,374298.32
INV00532,PRD0091,WH001,745,46,34,Normal,2026-03-11,2899.75,2160313.75
INV00533,PRD0091,WH002,412,46,34,Normal,2026-02-19,2899.75,1194697.0
INV00534,PRD0091,WH003,266,46,34,Normal,2026-03-05,2899.75,771333.5
INV00535,PRD0091,WH004,618,46,34,Normal,2026-02-14,2899.75,1792045.5
INV00536,PRD0091,WH005,4,46,34,Critical,2026-03-10,2899.75,11599.0
INV00537,PRD0091,WH006,338,46,34,Normal,2026-02-15,2899.75,980115.5
INV00538,PRD0091,WH008,919,46,34,Normal,2026-02-13,2899.75,2664870.25
INV00539,PRD0092,WH001,513,77,39,Normal,2026-02-11,2903.22,1489351.86
INV00540,PRD0092,WH005,923,77,39,Normal,2026-02-23,2903.22,2679672.06
INV00541,PRD0092,WH006,795,77,39,Normal,2026-03-07,2903.22,2308059.9
INV00542,PRD0093,WH001,15,12,27,Critical,2026-02-25,1516.4,22746.0
INV00543,PRD0093,WH002,309,12,27,Normal,2026-02-14,1516.4,468567.6
INV00544,PRD0093,WH005,226,12,27,Normal,2026-02-11,1516.4,342706.4
INV00545,PRD0093,WH008,996,12,27,Normal,2026-03-01,1516.4,1510334.4
INV00546,PRD0094,WH001,908,83,16,Normal,2026-02-21,2127.86,1932096.88
INV00547,PRD0094,WH002,524,83,16,Normal,2026-02-10,2127.86,1114998.64
INV00548,PRD0094,WH004,286,83,16,Normal,2026-02-20,2127.86,608567.96
INV00549,PRD0094,WH005,11,83,16,Critical,2026-02-17,2127.86,23406.46
INV00550,PRD0094,WH007,550,83,16,Normal,2026-02-27,2127.86,1170323.0
INV00551,PRD0095,WH002,512,42,17,Normal,2026-02-19,16.55,8473.6
INV00552,PRD0095,WH003,709,42,17,Normal,2026-02-24,16.55,11733.95
INV00553,PRD0095,WH004,629,42,17,Normal,2026-02-27,16.55,10409.95
INV00554,PRD0095,WH005,374,42,17,Normal,2026-02-28,16.55,6189.7
INV00555,PRD0095,WH006,73,42,17,Normal,2026-03-09,16.55,1208.15
INV00556,PRD0096,WH001,915,82,46,Normal,2026-02-21,610.31,558433.65
INV00557,PRD0096,WH003,930,82,46,Normal,2026-03-07,610.31,567588.3
INV00558,PRD0096,WH005,266,82,46,Normal,2026-02-17,610.31,162342.46
INV00559,PRD0096,WH006,880,82,46,Normal,2026-03-06,610.31,537072.8
INV00560,PRD0096,WH007,822,82,46,Normal,2026-02-18,610.31,501674.82
INV00561,PRD0097,WH001,793,82,16,Normal,2026-02-15,837.49,664129.57
INV00562,PRD0097,WH002,512,82,16,Normal,2026-02-19,837.49,428794.88
INV00563,PRD0097,WH003,187,82,16,Normal,2026-02-15,837.49,156610.63
INV00564,PRD0097,WH005,61,82,16,Low,2026-02-25,837.49,51086.89
INV00565,PRD0098,WH001,668,27,17,Normal,2026-03-08,152.7,102003.6
INV00566,PRD0098,WH004,506,27,17,Normal,2026-02-14,152.7,77266.2
INV00567,PRD0098,WH005,619,27,17,Normal,2026-02-23,152.7,94521.3
INV00568,PRD0098,WH007,982,27,17,Normal,2026-02-27,152.7,149951.4
INV00569,PRD0098,WH008,653,27,17,Normal,2026-03-06,152.7,99713.1
INV00570,PRD0099,WH001,713,60,26,Normal,2026-02-23,381.78,272209.14
INV00571,PRD0099,WH003,436,60,26,Normal,2026-02-23,381.78,166456.08
INV00572,PRD0099,WH004,101,60,26,Normal,2026-02-13,381.78,38559.78
INV00573,PRD0099,WH005,794,60,26,Normal,2026-02-27,381.78,303133.32
INV00574,PRD0099,WH008,66,60,26,Normal,2026-03-10,381.78,25197.48
INV00575,PRD0100,WH004,864,19,25,Normal,2026-03-09,1632.62,1410583.68
INV00576,PRD0100,WH005,595,19,25,Normal,2026-02-18,1632.62,971408.9
INV00577,PRD0100,WH006,667,19,25,Normal,2026-02-23,1632.62,1088957.54
