Production_ID,Product_ID,Warehouse_ID,Production_Line,Start_Date,Planned_End_Date,Actual_End_Date,Planned_Quantity,Actual_Quantity,Status,Efficiency_Pct,On_Time
PRO00001,PRD0043,WH007,Line C,2025-05-05,2025-05-14,,469,0,Planned,0.0,No
PRO00002,PRD0008,WH003,Line C,2026-01-27,2026-02-05,2026-02-06,758,651,Completed,85.9,No
PRO00003,PRD0029,WH008,Line A,2025-04-25,2025-05-04,,614,0,In Progress,0.0,No
PRO00004,PRD0096,WH006,Line C,2025-06-24,2025-07-07,2025-07-09,72,69,Completed,95.8,No
PRO00005,PRD0080,WH001,Line C,2025-06-17,2025-06-29,,170,0,On Hold,0.0,No
PRO00006,PRD0016,WH005,Line A,2025-11-21,2025-11-22,2025-11-20,811,698,Completed,86.1,Yes
PRO00007,PRD0050,WH003,Line D,2025-04-27,2025-05-01,,914,0,On Hold,0.0,No
PRO00008,PRD0030,WH006,Line A,2025-10-28,2025-10-30,,949,0,In Progress,0.0,No
PRO00009,PRD0088,WH008,Line C,2025-08-26,2025-08-27,2025-08-29,577,561,Completed,97.2,No
PRO00010,PRD0097,WH001,Line B,2025-11-09,2025-11-21,,161,0,On Hold,0.0,No
PRO00011,PRD0038,WH001,Line A,2025-04-21,2025-05-02,2025-05-04,568,561,Completed,98.8,No
PRO00012,PRD0055,WH001,Line C,2025-12-09,2025-12-23,,646,0,On Hold,0.0,No
PRO00013,PRD0043,WH005,Line B,2025-05-09,2025-05-20,2025-05-20,375,337,Completed,89.9,Yes
PRO00014,PRD0097,WH006,Line B,2025-10-24,2025-11-05,,444,0,Planned,0.0,No
PRO00015,PRD0047,WH004,Line A,2025-10-04,2025-10-10,2025-10-14,130,115,Completed,88.5,No
PRO00016,PRD0090,WH008,Line D,2025-05-22,2025-05-25,,783,0,On Hold,0.0,No
PRO00017,PRD0045,WH005,Line B,2025-06-08,2025-06-09,2025-06-07,676,593,Completed,87.7,Yes
PRO00018,PRD0050,WH004,Line D,2025-05-17,2025-05-19,2025-05-19,652,579,Completed,88.8,Yes
PRO00019,PRD0073,WH007,Line A,2026-01-28,2026-02-10,,162,0,In Progress,0.0,No
PRO00020,PRD0100,WH001,Line A,2025-07-13,2025-07-15,2025-07-16,211,187,Completed,88.6,No
PRO00021,PRD0071,WH001,Line C,2026-02-20,2026-03-02,,817,0,In Progress,0.0,No
PRO00022,PRD0032,WH001,Line A,2026-01-09,2026-01-22,2026-01-26,882,759,Completed,86.1,No
PRO00023,PRD0071,WH003,Line C,2025-03-21,2025-03-28,,781,0,In Progress,0.0,No
PRO00024,PRD0043,WH005,Line B,2025-07-05,2025-07-14,2025-07-12,51,43,Completed,84.3,Yes
PRO00025,PRD0042,WH005,Line D,2025-07-23,2025-08-04,2025-08-05,762,650,Completed,85.3,No
PRO00026,PRD0083,WH007,Line D,2025-04-28,2025-05-06,,895,0,Planned,0.0,No
PRO00027,PRD0025,WH006,Line B,2025-03-13,2025-03-19,2025-03-23,716,658,Completed,91.9,No
PRO00028,PRD0077,WH001,Line A,2025-09-17,2025-09-20,2025-09-21,447,413,Completed,92.4,No
PRO00029,PRD0065,WH004,Line B,2025-06-06,2025-06-11,2025-06-13,338,307,Completed,90.8,No
PRO00030,PRD0067,WH006,Line D,2025-10-07,2025-10-10,,73,0,Planned,0.0,No
PRO00031,PRD0068,WH002,Line A,2025-05-05,2025-05-10,,667,0,On Hold,0.0,No
PRO00032,PRD0085,WH004,Line C,2025-07-10,2025-07-16,2025-07-14,400,383,Completed,95.8,Yes
PRO00033,PRD0068,WH004,Line C,2025-04-15,2025-04-16,,831,0,Planned,0.0,No
PRO00034,PRD0044,WH001,Line A,2025-03-15,2025-03-18,,706,0,Planned,0.0,No
PRO00035,PRD0006,WH002,Line D,2025-12-31,2026-01-07,,286,0,Planned,0.0,No
PRO00036,PRD0014,WH008,Line A,2026-01-18,2026-01-21,2026-01-26,553,484,Completed,87.5,No
PRO00037,PRD0073,WH008,Line B,2025-06-05,2025-06-17,,552,0,Planned,0.0,No
PRO00038,PRD0096,WH001,Line C,2025-12-02,2025-12-10,2025-12-09,101,98,Completed,97.0,Yes
PRO00039,PRD0030,WH003,Line A,2025-09-22,2025-10-02,2025-10-05,808,742,Completed,91.8,No
PRO00040,PRD0097,WH004,Line C,2026-01-27,2026-02-02,2026-02-05,143,133,Completed,93.0,No
PRO00041,PRD0085,WH001,Line B,2025-07-16,2025-07-28,2025-07-28,687,627,Completed,91.3,Yes
PRO00042,PRD0051,WH002,Line B,2026-02-02,2026-02-13,2026-02-13,191,165,Completed,86.4,Yes
PRO00043,PRD0086,WH002,Line B,2026-02-02,2026-02-05,,362,0,Planned,0.0,No
PRO00044,PRD0015,WH003,Line B,2025-07-25,2025-07-30,,541,0,Planned,0.0,No
PRO00045,PRD0096,WH005,Line B,2025-06-07,2025-06-17,,111,0,Planned,0.0,No
PRO00046,PRD0024,WH003,Line B,2025-10-04,2025-10-05,2025-10-04,708,700,Completed,98.9,Yes
PRO00047,PRD0070,WH001,Line C,2026-01-25,2026-02-01,2026-01-31,719,681,Completed,94.7,Yes
PRO00048,PRD0088,WH001,Line D,2025-10-11,2025-10-14,2025-10-16,690,621,Completed,90.0,No
PRO00049,PRD0007,WH007,Line D,2025-12-12,2025-12-21,2025-12-22,159,142,Completed,89.3,No
PRO00050,PRD0096,WH008,Line B,2025-04-18,2025-04-21,,431,0,On Hold,0.0,No
PRO00051,PRD0007,WH006,Line A,2025-11-02,2025-11-03,2025-11-01,954,830,Completed,87.0,Yes
PRO00052,PRD0099,WH004,Line A,2025-06-01,2025-06-05,2025-06-03,168,145,Completed,86.3,Yes
PRO00053,PRD0032,WH004,Line C,2025-03-21,2025-03-26,,359,0,In Progress,0.0,No
PRO00054,PRD0007,WH001,Line D,2025-05-22,2025-05-25,2025-05-27,304,279,Completed,91.8,No
PRO00055,PRD0100,WH001,Line A,2025-04-03,2025-04-12,,945,0,On Hold,0.0,No
PRO00056,PRD0029,WH001,Line B,2025-10-19,2025-11-02,2025-11-05,729,718,Completed,98.5,No
PRO00057,PRD0087,WH001,Line B,2025-12-16,2025-12-28,2026-01-02,535,456,Completed,85.2,No
PRO00058,PRD0077,WH008,Line D,2026-02-08,2026-02-15,2026-02-17,626,575,Completed,91.9,No
PRO00059,PRD0096,WH005,Line D,2025-04-01,2025-04-11,,803,0,Planned,0.0,No
PRO00060,PRD0039,WH006,Line D,2025-12-03,2025-12-15,2025-12-18,462,439,Completed,95.0,No
PRO00061,PRD0094,WH005,Line A,2025-05-16,2025-05-27,2025-05-26,115,101,Completed,87.8,Yes
PRO00062,PRD0027,WH008,Line D,2025-05-28,2025-06-11,,757,0,In Progress,0.0,No
PRO00063,PRD0090,WH007,Line D,2025-07-08,2025-07-21,2025-07-25,512,448,Completed,87.5,No
PRO00064,PRD0015,WH005,Line B,2025-10-17,2025-10-29,,244,0,In Progress,0.0,No
PRO00065,PRD0030,WH002,Line A,2025-07-16,2025-07-26,,568,0,In Progress,0.0,No
PRO00066,PRD0034,WH002,Line A,2025-08-04,2025-08-05,,165,0,In Progress,0.0,No
PRO00067,PRD0019,WH002,Line C,2025-12-14,2025-12-24,2025-12-29,371,318,Completed,85.7,No
PRO00068,PRD0041,WH007,Line B,2025-05-09,2025-05-20,2025-05-20,96,82,Completed,85.4,Yes
PRO00069,PRD0027,WH002,Line A,2025-05-09,2025-05-23,,884,0,In Progress,0.0,No
PRO00070,PRD0059,WH007,Line C,2025-05-06,2025-05-18,2025-05-18,181,179,Completed,98.9,Yes
PRO00071,PRD0057,WH002,Line B,2025-04-30,2025-05-10,,278,0,On Hold,0.0,No
PRO00072,PRD0067,WH001,Line B,2025-10-20,2025-10-31,,981,0,On Hold,0.0,No
PRO00073,PRD0012,WH005,Line C,2025-07-18,2025-07-22,,137,0,Planned,0.0,No
PRO00074,PRD0019,WH003,Line A,2025-07-21,2025-07-25,2025-07-24,466,458,Completed,98.3,Yes
PRO00075,PRD0062,WH006,Line D,2025-08-15,2025-08-22,,806,0,In Progress,0.0,No
PRO00076,PRD0094,WH006,Line D,2025-04-11,2025-04-16,,364,0,On Hold,0.0,No
PRO00077,PRD0069,WH007,Line D,2025-04-25,2025-05-05,,90,0,In Progress,0.0,No
PRO00078,PRD0042,WH006,Line A,2026-02-27,2026-03-01,2026-03-04,969,833,Completed,86.0,No
PRO00079,PRD0025,WH003,Line B,2026-02-06,2026-02-08,2026-02-13,608,599,Completed,98.5,No
PRO00080,PRD0041,WH006,Line B,2026-02-02,2026-02-06,,111,0,Planned,0.0,No
PRO00081,PRD0089,WH007,Line D,2025-04-26,2025-05-04,2025-05-07,712,644,Completed,90.4,No
PRO00082,PRD0030,WH005,Line D,2025-09-25,2025-09-26,2025-09-30,358,311,Completed,86.9,No
PRO00083,PRD0025,WH006,Line C,2026-02-15,2026-03-01,2026-03-03,397,384,Completed,96.7,No
PRO00084,PRD0078,WH001,Line B,2025-04-23,2025-05-05,,808,0,In Progress,0.0,No
PRO00085,PRD0084,WH008,Line D,2025-09-14,2025-09-22,2025-09-24,522,494,Completed,94.6,No
PRO00086,PRD0071,WH005,Line D,2025-05-23,2025-05-29,2025-05-27,415,392,Completed,94.5,Yes
PRO00087,PRD0044,WH001,Line D,2025-12-10,2025-12-21,2025-12-20,960,956,Completed,99.6,Yes
PRO00088,PRD0045,WH007,Line B,2025-05-19,2025-05-28,2025-05-30,335,287,Completed,85.7,No
PRO00089,PRD0097,WH006,Line C,2025-04-20,2025-05-02,,895,0,In Progress,0.0,No
PRO00090,PRD0095,WH001,Line C,2026-01-23,2026-02-05,,666,0,Planned,0.0,No
PRO00091,PRD0030,WH006,Line B,2025-08-27,2025-08-30,2025-09-01,286,262,Completed,91.6,No
PRO00092,PRD0068,WH001,Line A,2026-02-11,2026-02-18,,488,0,In Progress,0.0,No
PRO00093,PRD0053,WH006,Line D,2025-04-01,2025-04-06,2025-04-10,854,853,Completed,99.9,No
PRO00094,PRD0016,WH003,Line B,2026-02-25,2026-02-27,2026-02-26,466,400,Completed,85.8,Yes
PRO00095,PRD0076,WH008,Line D,2025-08-06,2025-08-18,,784,0,In Progress,0.0,No
PRO00096,PRD0036,WH007,Line C,2025-12-31,2026-01-11,2026-01-13,893,818,Completed,91.6,No
PRO00097,PRD0096,WH007,Line C,2025-08-29,2025-09-08,,498,0,In Progress,0.0,No
PRO00098,PRD0100,WH005,Line D,2025-12-15,2025-12-21,,178,0,On Hold,0.0,No
PRO00099,PRD0100,WH005,Line A,2025-10-13,2025-10-17,,298,0,On Hold,0.0,No
PRO00100,PRD0083,WH001,Line A,2025-05-10,2025-05-21,,899,0,Planned,0.0,No
PRO00101,PRD0095,WH008,Line C,2025-10-05,2025-10-11,,557,0,In Progress,0.0,No
PRO00102,PRD0054,WH003,Line C,2026-02-12,2026-02-26,2026-02-25,889,784,Completed,88.2,Yes
PRO00103,PRD0002,WH006,Line C,2025-04-25,2025-04-30,,835,0,On Hold,0.0,No
PRO00104,PRD0098,WH003,Line D,2025-09-04,2025-09-10,,498,0,On Hold,0.0,No
PRO00105,PRD0052,WH006,Line A,2025-04-18,2025-04-29,2025-05-04,665,643,Completed,96.7,No
PRO00106,PRD0058,WH007,Line A,2025-05-26,2025-06-03,,707,0,In Progress,0.0,No
PRO00107,PRD0018,WH001,Line A,2025-06-04,2025-06-18,2025-06-21,395,393,Completed,99.5,No
PRO00108,PRD0004,WH001,Line C,2025-07-15,2025-07-16,2025-07-21,250,216,Completed,86.4,No
PRO00109,PRD0078,WH006,Line B,2025-08-20,2025-08-22,2025-08-27,226,224,Completed,99.1,No
PRO00110,PRD0015,WH002,Line C,2025-04-19,2025-04-21,,237,0,On Hold,0.0,No
PRO00111,PRD0011,WH005,Line B,2026-02-28,2026-03-07,,757,0,In Progress,0.0,No
PRO00112,PRD0086,WH001,Line B,2025-11-27,2025-12-02,2025-12-05,424,382,Completed,90.1,No
PRO00113,PRD0095,WH005,Line C,2025-08-21,2025-08-27,2025-09-01,530,473,Completed,89.2,No
PRO00114,PRD0039,WH004,Line C,2026-01-04,2026-01-11,2026-01-11,995,942,Completed,94.7,Yes
PRO00115,PRD0095,WH003,Line B,2026-01-08,2026-01-11,,326,0,On Hold,0.0,No
PRO00116,PRD0053,WH006,Line B,2025-11-06,2025-11-14,2025-11-14,567,545,Completed,96.1,Yes
PRO00117,PRD0066,WH006,Line A,2025-11-09,2025-11-10,2025-11-10,102,90,Completed,88.2,Yes
PRO00118,PRD0026,WH003,Line D,2025-11-23,2025-11-30,2025-12-04,92,84,Completed,91.3,No
PRO00119,PRD0027,WH003,Line A,2026-02-16,2026-02-22,2026-02-20,898,881,Completed,98.1,Yes
PRO00120,PRD0068,WH002,Line D,2025-11-16,2025-11-28,2025-12-03,479,410,Completed,85.6,No
PRO00121,PRD0086,WH006,Line A,2025-08-08,2025-08-16,2025-08-21,224,202,Completed,90.2,No
PRO00122,PRD0054,WH004,Line C,2025-09-25,2025-10-05,2025-10-05,170,163,Completed,95.9,Yes
PRO00123,PRD0098,WH007,Line B,2025-04-29,2025-05-06,,909,0,On Hold,0.0,No
PRO00124,PRD0025,WH008,Line D,2025-12-18,2025-12-31,2025-12-29,433,415,Completed,95.8,Yes
PRO00125,PRD0099,WH007,Line D,2025-06-30,2025-07-12,2025-07-10,456,448,Completed,98.2,Yes
PRO00126,PRD0094,WH005,Line C,2025-04-01,2025-04-12,2025-04-15,987,919,Completed,93.1,No
PRO00127,PRD0065,WH004,Line B,2025-04-27,2025-05-02,,409,0,On Hold,0.0,No
PRO00128,PRD0025,WH006,Line C,2025-04-29,2025-05-03,,306,0,In Progress,0.0,No
PRO00129,PRD0089,WH005,Line B,2026-01-23,2026-01-25,2026-01-23,869,742,Completed,85.4,Yes
PRO00130,PRD0038,WH003,Line D,2025-05-30,2025-05-31,,633,0,Planned,0.0,No
PRO00131,PRD0020,WH004,Line A,2025-12-22,2025-12-30,,814,0,In Progress,0.0,No
PRO00132,PRD0019,WH003,Line B,2025-10-10,2025-10-15,2025-10-19,197,174,Completed,88.3,No
PRO00133,PRD0048,WH008,Line D,2025-08-15,2025-08-17,2025-08-16,763,758,Completed,99.3,Yes
PRO00134,PRD0093,WH004,Line B,2025-04-11,2025-04-17,2025-04-21,534,501,Completed,93.8,No
PRO00135,PRD0033,WH007,Line C,2025-03-18,2025-03-28,,78,0,In Progress,0.0,No
PRO00136,PRD0072,WH001,Line B,2025-07-29,2025-08-07,,412,0,In Progress,0.0,No
PRO00137,PRD0074,WH006,Line B,2025-08-23,2025-08-25,2025-08-26,326,321,Completed,98.5,No
PRO00138,PRD0072,WH007,Line A,2026-01-13,2026-01-14,,896,0,In Progress,0.0,No
PRO00139,PRD0091,WH001,Line D,2025-06-14,2025-06-19,2025-06-18,858,817,Completed,95.2,Yes
PRO00140,PRD0042,WH002,Line C,2025-07-30,2025-08-07,2025-08-07,196,183,Completed,93.4,Yes
PRO00141,PRD0004,WH001,Line C,2026-01-29,2026-02-08,,941,0,Planned,0.0,No
PRO00142,PRD0075,WH007,Line D,2026-02-08,2026-02-17,,247,0,Planned,0.0,No
PRO00143,PRD0094,WH002,Line A,2026-02-24,2026-03-04,2026-03-04,603,578,Completed,95.9,Yes
PRO00144,PRD0056,WH003,Line D,2026-02-15,2026-02-17,,842,0,In Progress,0.0,No
PRO00145,PRD0040,WH001,Line D,2026-01-28,2026-02-09,,532,0,On Hold,0.0,No
PRO00146,PRD0014,WH002,Line A,2025-09-08,2025-09-12,,831,0,Planned,0.0,No
PRO00147,PRD0060,WH006,Line C,2026-02-17,2026-02-19,2026-02-18,875,770,Completed,88.0,Yes
PRO00148,PRD0082,WH005,Line B,2025-03-28,2025-03-31,,644,0,On Hold,0.0,No
PRO00149,PRD0076,WH003,Line C,2025-06-28,2025-07-02,,277,0,Planned,0.0,No
PRO00150,PRD0064,WH005,Line A,2025-04-07,2025-04-10,2025-04-11,526,486,Completed,92.4,No
PRO00151,PRD0049,WH008,Line B,2025-07-28,2025-08-02,2025-07-31,457,433,Completed,94.7,Yes
PRO00152,PRD0092,WH001,Line A,2025-11-16,2025-11-21,2025-11-25,612,543,Completed,88.7,No
PRO00153,PRD0045,WH001,Line C,2026-01-13,2026-01-18,2026-01-18,478,413,Completed,86.4,Yes
PRO00154,PRD0083,WH005,Line B,2025-05-01,2025-05-07,,368,0,On Hold,0.0,No
PRO00155,PRD0050,WH006,Line B,2026-01-12,2026-01-20,,303,0,Planned,0.0,No
PRO00156,PRD0097,WH001,Line D,2026-02-09,2026-02-20,,634,0,Planned,0.0,No
PRO00157,PRD0047,WH008,Line D,2025-05-12,2025-05-13,2025-05-12,959,942,Completed,98.2,Yes
PRO00158,PRD0020,WH005,Line A,2025-05-05,2025-05-07,,444,0,On Hold,0.0,No
PRO00159,PRD0044,WH007,Line D,2025-04-18,2025-04-23,,735,0,In Progress,0.0,No
PRO00160,PRD0074,WH004,Line C,2026-01-16,2026-01-18,2026-01-18,675,660,Completed,97.8,Yes
PRO00161,PRD0100,WH004,Line C,2025-08-20,2025-08-25,2025-08-24,651,626,Completed,96.2,Yes
PRO00162,PRD0018,WH008,Line A,2025-08-08,2025-08-12,,526,0,In Progress,0.0,No
PRO00163,PRD0064,WH007,Line D,2026-02-27,2026-03-02,,726,0,Planned,0.0,No
PRO00164,PRD0028,WH008,Line D,2025-11-03,2025-11-11,2025-11-14,60,52,Completed,86.7,No
PRO00165,PRD0048,WH001,Line C,2025-05-11,2025-05-24,2025-05-25,511,497,Completed,97.3,No
PRO00166,PRD0029,WH007,Line C,2025-05-30,2025-06-06,,324,0,On Hold,0.0,No
PRO00167,PRD0094,WH008,Line C,2025-09-26,2025-10-09,,59,0,In Progress,0.0,No
PRO00168,PRD0045,WH008,Line A,2025-12-13,2025-12-22,2025-12-21,137,128,Completed,93.4,Yes
PRO00169,PRD0007,WH005,Line B,2025-09-30,2025-10-07,2025-10-11,799,707,Completed,88.5,No
PRO00170,PRD0047,WH005,Line A,2025-07-28,2025-08-08,,546,0,In Progress,0.0,No
PRO00171,PRD0032,WH008,Line C,2025-11-13,2025-11-26,2025-11-25,883,815,Completed,92.3,Yes
PRO00172,PRD0084,WH003,Line D,2025-12-15,2025-12-17,2025-12-20,667,638,Completed,95.7,No
PRO00173,PRD0090,WH008,Line D,2025-11-18,2025-11-21,,129,0,Planned,0.0,No
PRO00174,PRD0078,WH003,Line B,2026-02-20,2026-03-02,2026-03-02,831,724,Completed,87.1,Yes
PRO00175,PRD0049,WH007,Line C,2026-02-11,2026-02-17,2026-02-19,122,113,Completed,92.6,No
PRO00176,PRD0091,WH007,Line A,2026-02-12,2026-02-25,,449,0,In Progress,0.0,No
PRO00177,PRD0004,WH001,Line D,2026-03-08,2026-03-16,,433,0,In Progress,0.0,No
PRO00178,PRD0055,WH003,Line C,2025-03-12,2025-03-15,2025-03-17,933,920,Completed,98.6,No
PRO00179,PRD0086,WH006,Line B,2025-09-22,2025-10-06,,969,0,Planned,0.0,No
PRO00180,PRD0049,WH001,Line D,2025-07-26,2025-08-02,,64,0,In Progress,0.0,No
PRO00181,PRD0055,WH002,Line B,2025-04-13,2025-04-23,,271,0,Planned,0.0,No
PRO00182,PRD0027,WH005,Line B,2025-03-23,2025-04-03,2025-04-01,576,506,Completed,87.8,Yes
PRO00183,PRD0031,WH005,Line D,2025-03-24,2025-04-01,,273,0,Planned,0.0,No
PRO00184,PRD0055,WH003,Line C,2025-11-24,2025-12-08,,165,0,On Hold,0.0,No
PRO00185,PRD0002,WH002,Line B,2025-09-30,2025-10-14,,640,0,On Hold,0.0,No
PRO00186,PRD0066,WH006,Line D,2025-06-10,2025-06-24,,474,0,In Progress,0.0,No
PRO00187,PRD0028,WH002,Line A,2026-02-13,2026-02-20,,580,0,On Hold,0.0,No
PRO00188,PRD0013,WH005,Line C,2025-06-25,2025-07-04,2025-07-09,652,590,Completed,90.5,No
PRO00189,PRD0080,WH007,Line B,2026-01-09,2026-01-13,2026-01-11,100,87,Completed,87.0,Yes
PRO00190,PRD0003,WH004,Line D,2025-09-17,2025-09-25,2025-09-23,680,598,Completed,87.9,Yes
PRO00191,PRD0097,WH007,Line B,2025-04-28,2025-05-09,2025-05-11,531,520,Completed,97.9,No
PRO00192,PRD0049,WH001,Line A,2025-07-22,2025-07-31,2025-08-01,966,853,Completed,88.3,No
PRO00193,PRD0034,WH001,Line C,2026-01-19,2026-01-24,2026-01-23,271,263,Completed,97.0,Yes
PRO00194,PRD0078,WH001,Line B,2025-04-14,2025-04-22,2025-04-27,897,838,Completed,93.4,No
PRO00195,PRD0014,WH003,Line C,2025-12-15,2025-12-26,2025-12-30,791,755,Completed,95.4,No
PRO00196,PRD0056,WH005,Line C,2025-11-14,2025-11-28,,385,0,Planned,0.0,No
PRO00197,PRD0091,WH003,Line D,2025-08-09,2025-08-12,,892,0,In Progress,0.0,No
PRO00198,PRD0040,WH003,Line B,2026-02-02,2026-02-14,2026-02-15,796,763,Completed,95.9,No
PRO00199,PRD0030,WH003,Line B,2025-12-30,2026-01-06,,637,0,On Hold,0.0,No
PRO00200,PRD0048,WH005,Line A,2025-05-19,2025-05-22,2025-05-20,745,685,Completed,91.9,Yes
PRO00201,PRD0100,WH002,Line C,2025-09-09,2025-09-22,,898,0,Planned,0.0,No
PRO00202,PRD0074,WH008,Line D,2025-05-22,2025-06-01,,157,0,Planned,0.0,No
PRO00203,PRD0075,WH005,Line A,2025-04-17,2025-04-19,,563,0,On Hold,0.0,No
PRO00204,PRD0035,WH002,Line A,2025-12-13,2025-12-23,,888,0,Planned,0.0,No
PRO00205,PRD0084,WH008,Line A,2025-10-02,2025-10-12,,624,0,Planned,0.0,No
PRO00206,PRD0049,WH008,Line B,2025-04-24,2025-04-29,2025-04-30,286,260,Completed,90.9,No
PRO00207,PRD0069,WH005,Line B,2025-09-27,2025-10-05,2025-10-07,846,757,Completed,89.5,No
PRO00208,PRD0072,WH008,Line C,2025-08-12,2025-08-15,,418,0,In Progress,0.0,No
PRO00209,PRD0020,WH002,Line B,2025-07-31,2025-08-03,,550,0,In Progress,0.0,No
PRO00210,PRD0014,WH005,Line B,2025-11-18,2025-12-01,2025-12-06,233,204,Completed,87.6,No
PRO00211,PRD0088,WH004,Line A,2025-12-21,2025-12-23,2025-12-26,293,255,Completed,87.0,No
PRO00212,PRD0038,WH006,Line B,2026-02-18,2026-03-03,2026-03-07,683,669,Completed,98.0,No
PRO00213,PRD0080,WH001,Line A,2025-10-09,2025-10-22,2025-10-27,309,279,Completed,90.3,No
PRO00214,PRD0024,WH004,Line C,2025-12-11,2025-12-23,,454,0,On Hold,0.0,No
PRO00215,PRD0043,WH008,Line A,2025-09-28,2025-10-12,,849,0,On Hold,0.0,No
PRO00216,PRD0024,WH004,Line C,2025-09-09,2025-09-16,2025-09-20,227,219,Completed,96.5,No
PRO00217,PRD0006,WH002,Line C,2025-03-30,2025-04-13,,852,0,Planned,0.0,No
PRO00218,PRD0052,WH005,Line A,2025-06-29,2025-07-01,2025-07-02,645,589,Completed,91.3,No
PRO00219,PRD0036,WH008,Line D,2026-01-15,2026-01-27,2026-02-01,381,372,Completed,97.6,No
PRO00220,PRD0001,WH006,Line D,2025-10-15,2025-10-22,,362,0,On Hold,0.0,No
PRO00221,PRD0023,WH003,Line A,2025-11-28,2025-11-30,,145,0,On Hold,0.0,No
PRO00222,PRD0072,WH003,Line A,2026-01-06,2026-01-10,2026-01-08,514,448,Completed,87.2,Yes
PRO00223,PRD0015,WH008,Line C,2026-02-13,2026-02-23,,139,0,On Hold,0.0,No
PRO00224,PRD0003,WH006,Line D,2026-01-09,2026-01-16,2026-01-19,931,798,Completed,85.7,No
PRO00225,PRD0074,WH005,Line C,2026-03-11,2026-03-15,,644,0,In Progress,0.0,No
PRO00226,PRD0098,WH004,Line D,2025-04-13,2025-04-26,2025-04-30,519,509,Completed,98.1,No
PRO00227,PRD0047,WH001,Line A,2025-11-03,2025-11-14,2025-11-17,684,644,Completed,94.2,No
PRO00228,PRD0030,WH008,Line D,2025-07-31,2025-08-10,,894,0,In Progress,0.0,No
PRO00229,PRD0002,WH005,Line A,2026-01-24,2026-02-03,,465,0,In Progress,0.0,No
PRO00230,PRD0073,WH008,Line C,2025-07-20,2025-08-01,2025-08-01,252,228,Completed,90.5,Yes
PRO00231,PRD0080,WH001,Line C,2025-04-18,2025-04-28,,637,0,On Hold,0.0,No
PRO00232,PRD0058,WH006,Line A,2025-07-30,2025-08-10,2025-08-12,290,266,Completed,91.7,No
PRO00233,PRD0092,WH002,Line B,2026-01-17,2026-01-29,2026-01-30,958,911,Completed,95.1,No
PRO00234,PRD0087,WH003,Line D,2025-06-17,2025-06-22,,156,0,Planned,0.0,No
PRO00235,PRD0084,WH003,Line A,2025-03-31,2025-04-03,,252,0,In Progress,0.0,No
PRO00236,PRD0078,WH003,Line C,2026-02-27,2026-03-07,,530,0,In Progress,0.0,No
PRO00237,PRD0030,WH001,Line B,2025-11-17,2025-11-29,2025-11-29,235,204,Completed,86.8,Yes
PRO00238,PRD0097,WH005,Line D,2025-12-06,2025-12-17,2025-12-17,711,615,Completed,86.5,Yes
PRO00239,PRD0015,WH005,Line A,2025-09-02,2025-09-06,,144,0,Planned,0.0,No
PRO00240,PRD0002,WH008,Line C,2025-03-25,2025-03-29,2025-04-03,258,223,Completed,86.4,No
PRO00241,PRD0073,WH003,Line B,2025-12-07,2025-12-09,2025-12-09,655,647,Completed,98.8,Yes
PRO00242,PRD0076,WH004,Line A,2025-04-26,2025-05-08,,384,0,Planned,0.0,No
PRO00243,PRD0032,WH008,Line B,2025-11-12,2025-11-21,,260,0,On Hold,0.0,No
PRO00244,PRD0071,WH006,Line A,2025-12-21,2025-12-24,,153,0,In Progress,0.0,No
PRO00245,PRD0045,WH002,Line A,2025-11-10,2025-11-15,2025-11-16,803,797,Completed,99.3,No
PRO00246,PRD0094,WH007,Line C,2026-02-15,2026-02-19,2026-02-23,799,703,Completed,88.0,No
PRO00247,PRD0008,WH001,Line A,2025-07-22,2025-07-26,2025-07-31,129,121,Completed,93.8,No
PRO00248,PRD0074,WH005,Line D,2025-08-13,2025-08-20,2025-08-21,827,746,Completed,90.2,No
PRO00249,PRD0088,WH001,Line B,2025-11-23,2025-12-04,2025-12-07,942,837,Completed,88.9,No
PRO00250,PRD0004,WH006,Line B,2026-02-13,2026-02-17,,698,0,On Hold,0.0,No
PRO00251,PRD0010,WH008,Line B,2026-01-23,2026-01-29,2026-01-28,546,529,Completed,96.9,Yes
PRO00252,PRD0075,WH003,Line A,2025-04-30,2025-05-12,,200,0,On Hold,0.0,No
PRO00253,PRD0041,WH006,Line C,2025-10-24,2025-10-31,,186,0,Planned,0.0,No
PRO00254,PRD0047,WH003,Line A,2025-10-25,2025-10-31,,754,0,Planned,0.0,No
PRO00255,PRD0075,WH001,Line C,2025-07-27,2025-07-30,,360,0,Planned,0.0,No
PRO00256,PRD0007,WH004,Line A,2025-10-24,2025-11-01,2025-11-05,636,631,Completed,99.2,No
PRO00257,PRD0090,WH002,Line A,2025-11-17,2025-11-30,,729,0,Planned,0.0,No
PRO00258,PRD0090,WH002,Line C,2026-02-18,2026-02-25,,230,0,On Hold,0.0,No
PRO00259,PRD0058,WH003,Line B,2025-07-21,2025-07-26,,669,0,Planned,0.0,No
PRO00260,PRD0020,WH005,Line C,2025-09-27,2025-09-29,2025-10-02,304,291,Completed,95.7,No
PRO00261,PRD0098,WH003,Line D,2025-05-27,2025-05-29,2025-05-30,992,920,Completed,92.7,No
PRO00262,PRD0096,WH004,Line D,2025-05-08,2025-05-10,2025-05-14,527,502,Completed,95.3,No
PRO00263,PRD0031,WH002,Line D,2025-08-06,2025-08-08,,152,0,In Progress,0.0,No
PRO00264,PRD0039,WH002,Line D,2025-05-13,2025-05-27,2025-05-30,329,291,Completed,88.4,No
PRO00265,PRD0097,WH008,Line B,2025-04-16,2025-04-27,2025-05-02,820,779,Completed,95.0,No
PRO00266,PRD0049,WH008,Line B,2025-10-28,2025-11-04,,130,0,In Progress,0.0,No
PRO00267,PRD0075,WH004,Line D,2025-07-22,2025-07-30,,315,0,On Hold,0.0,No
PRO00268,PRD0042,WH006,Line C,2026-02-27,2026-02-28,,670,0,In Progress,0.0,No
PRO00269,PRD0026,WH007,Line C,2025-08-01,2025-08-05,2025-08-05,160,146,Completed,91.2,Yes
PRO00270,PRD0094,WH005,Line B,2025-11-12,2025-11-26,2025-11-30,686,662,Completed,96.5,No
PRO00271,PRD0033,WH004,Line B,2025-12-14,2025-12-24,,507,0,In Progress,0.0,No
PRO00272,PRD0020,WH005,Line B,2025-07-08,2025-07-22,2025-07-24,141,131,Completed,92.9,No
PRO00273,PRD0059,WH006,Line A,2025-08-05,2025-08-15,2025-08-14,680,655,Completed,96.3,Yes
PRO00274,PRD0093,WH007,Line D,2025-06-28,2025-07-09,,960,0,In Progress,0.0,No
PRO00275,PRD0080,WH008,Line C,2025-08-30,2025-09-08,,513,0,On Hold,0.0,No
PRO00276,PRD0087,WH003,Line D,2025-11-16,2025-11-28,,621,0,On Hold,0.0,No
PRO00277,PRD0030,WH004,Line A,2025-06-10,2025-06-22,2025-06-27,314,267,Completed,85.0,No
PRO00278,PRD0015,WH008,Line A,2025-10-30,2025-11-09,2025-11-12,402,356,Completed,88.6,No
PRO00279,PRD0021,WH006,Line D,2026-01-18,2026-01-26,2026-01-29,868,737,Completed,84.9,No
PRO00280,PRD0087,WH008,Line B,2026-01-16,2026-01-30,2026-02-03,164,146,Completed,89.0,No
PRO00281,PRD0084,WH005,Line C,2025-12-07,2025-12-16,,974,0,On Hold,0.0,No
PRO00282,PRD0024,WH004,Line D,2025-09-06,2025-09-07,2025-09-12,178,173,Completed,97.2,No
PRO00283,PRD0073,WH005,Line A,2026-03-10,2026-03-16,2026-03-19,500,456,Completed,91.2,No
PRO00284,PRD0082,WH001,Line A,2025-09-10,2025-09-20,2025-09-19,314,273,Completed,86.9,Yes
PRO00285,PRD0058,WH007,Line A,2026-02-19,2026-03-01,2026-03-05,251,228,Completed,90.8,No
PRO00286,PRD0056,WH008,Line C,2025-09-16,2025-09-20,,388,0,Planned,0.0,No
PRO00287,PRD0064,WH007,Line B,2025-11-28,2025-12-01,,823,0,Planned,0.0,No
PRO00288,PRD0096,WH007,Line D,2025-10-13,2025-10-17,2025-10-18,202,190,Completed,94.1,No
PRO00289,PRD0045,WH004,Line C,2026-02-16,2026-02-24,,271,0,Planned,0.0,No
PRO00290,PRD0005,WH006,Line D,2025-09-26,2025-09-30,2025-10-03,682,638,Completed,93.5,No
PRO00291,PRD0097,WH002,Line B,2025-05-23,2025-06-05,,469,0,In Progress,0.0,No
PRO00292,PRD0058,WH007,Line B,2026-02-17,2026-02-26,2026-03-02,770,746,Completed,96.9,No
PRO00293,PRD0003,WH008,Line D,2025-06-08,2025-06-11,2025-06-13,282,260,Completed,92.2,No
PRO00294,PRD0084,WH006,Line B,2026-02-24,2026-02-28,,464,0,In Progress,0.0,No
PRO00295,PRD0061,WH003,Line A,2025-05-19,2025-05-28,,149,0,In Progress,0.0,No
PRO00296,PRD0034,WH002,Line C,2025-12-03,2025-12-11,2025-12-15,429,420,Completed,97.9,No
PRO00297,PRD0066,WH005,Line C,2025-07-17,2025-07-27,2025-07-30,249,234,Completed,94.0,No
PRO00298,PRD0039,WH005,Line C,2025-05-20,2025-06-02,2025-06-06,731,683,Completed,93.4,No
PRO00299,PRD0023,WH007,Line C,2025-11-17,2025-11-26,,181,0,On Hold,0.0,No
PRO00300,PRD0065,WH004,Line A,2025-10-21,2025-10-30,,291,0,In Progress,0.0,No
PRO00301,PRD0095,WH007,Line D,2025-10-21,2025-10-31,,798,0,Planned,0.0,No
PRO00302,PRD0026,WH007,Line C,2026-01-06,2026-01-18,2026-01-21,383,365,Completed,95.3,No
PRO00303,PRD0053,WH005,Line B,2026-02-06,2026-02-08,,644,0,In Progress,0.0,No
PRO00304,PRD0087,WH002,Line B,2026-01-15,2026-01-27,,356,0,Planned,0.0,No
PRO00305,PRD0020,WH005,Line A,2025-08-25,2025-08-27,2025-08-26,319,278,Completed,87.1,Yes
PRO00306,PRD0024,WH004,Line A,2025-07-16,2025-07-22,2025-07-24,789,773,Completed,98.0,No
PRO00307,PRD0096,WH001,Line D,2025-07-19,2025-07-29,,523,0,In Progress,0.0,No
PRO00308,PRD0037,WH005,Line C,2025-09-03,2025-09-06,2025-09-06,613,608,Completed,99.2,Yes
PRO00309,PRD0089,WH004,Line C,2025-09-19,2025-09-27,2025-09-25,366,312,Completed,85.2,Yes
PRO00310,PRD0028,WH007,Line D,2025-06-06,2025-06-09,,735,0,On Hold,0.0,No
PRO00311,PRD0082,WH002,Line A,2026-01-20,2026-01-31,,526,0,On Hold,0.0,No
PRO00312,PRD0080,WH001,Line D,2025-04-17,2025-04-21,2025-04-23,993,912,Completed,91.8,No
PRO00313,PRD0051,WH006,Line D,2026-01-17,2026-01-31,2026-01-29,513,496,Completed,96.7,Yes
PRO00314,PRD0064,WH007,Line C,2025-05-05,2025-05-15,,550,0,Planned,0.0,No
PRO00315,PRD0058,WH007,Line A,2025-05-16,2025-05-18,,710,0,On Hold,0.0,No
PRO00316,PRD0035,WH006,Line A,2025-12-17,2025-12-27,2025-12-31,770,730,Completed,94.8,No
PRO00317,PRD0008,WH006,Line B,2025-05-05,2025-05-15,2025-05-13,549,480,Completed,87.4,Yes
PRO00318,PRD0095,WH005,Line C,2025-04-09,2025-04-14,,155,0,In Progress,0.0,No
PRO00319,PRD0015,WH003,Line A,2025-12-24,2026-01-05,2026-01-07,171,163,Completed,95.3,No
PRO00320,PRD0011,WH001,Line A,2025-04-14,2025-04-22,2025-04-22,627,547,Completed,87.2,Yes
PRO00321,PRD0039,WH001,Line B,2025-07-14,2025-07-24,2025-07-27,140,134,Completed,95.7,No
PRO00322,PRD0054,WH005,Line C,2025-04-14,2025-04-24,2025-04-22,233,218,Completed,93.6,Yes
PRO00323,PRD0046,WH001,Line D,2025-03-27,2025-03-28,2025-03-27,361,330,Completed,91.4,Yes
PRO00324,PRD0046,WH007,Line A,2025-10-22,2025-10-25,,635,0,Planned,0.0,No
PRO00325,PRD0019,WH007,Line D,2025-10-10,2025-10-22,2025-10-25,379,329,Completed,86.8,No
PRO00326,PRD0045,WH006,Line D,2026-02-14,2026-02-23,2026-02-21,308,290,Completed,94.2,Yes
PRO00327,PRD0086,WH004,Line C,2025-11-04,2025-11-10,,769,0,In Progress,0.0,No
PRO00328,PRD0030,WH004,Line C,2026-01-23,2026-01-29,,1000,0,In Progress,0.0,No
PRO00329,PRD0035,WH002,Line B,2025-03-21,2025-03-26,2025-03-30,287,252,Completed,87.8,No
PRO00330,PRD0069,WH005,Line C,2025-06-08,2025-06-21,,621,0,On Hold,0.0,No
PRO00331,PRD0001,WH002,Line A,2025-07-23,2025-08-04,,400,0,In Progress,0.0,No
PRO00332,PRD0082,WH005,Line B,2025-05-07,2025-05-17,2025-05-18,780,697,Completed,89.4,No
PRO00333,PRD0021,WH002,Line A,2025-12-19,2026-01-01,2026-01-01,351,303,Completed,86.3,Yes
PRO00334,PRD0014,WH004,Line A,2025-10-25,2025-10-27,,863,0,In Progress,0.0,No
PRO00335,PRD0001,WH008,Line C,2025-04-17,2025-04-24,,839,0,On Hold,0.0,No
PRO00336,PRD0009,WH004,Line A,2025-09-15,2025-09-26,,319,0,On Hold,0.0,No
PRO00337,PRD0093,WH004,Line A,2026-02-19,2026-02-23,2026-02-24,945,944,Completed,99.9,No
PRO00338,PRD0053,WH007,Line B,2025-07-06,2025-07-14,,545,0,On Hold,0.0,No
PRO00339,PRD0043,WH004,Line A,2026-01-11,2026-01-15,2026-01-16,818,782,Completed,95.6,No
PRO00340,PRD0084,WH007,Line D,2026-01-27,2026-02-09,,904,0,On Hold,0.0,No
PRO00341,PRD0039,WH008,Line B,2025-09-27,2025-09-29,,786,0,Planned,0.0,No
PRO00342,PRD0004,WH005,Line A,2025-06-18,2025-07-02,2025-07-02,144,139,Completed,96.5,Yes
PRO00343,PRD0086,WH005,Line B,2025-12-12,2025-12-19,,242,0,On Hold,0.0,No
PRO00344,PRD0018,WH004,Line A,2025-07-10,2025-07-14,2025-07-18,522,521,Completed,99.8,No
PRO00345,PRD0062,WH007,Line A,2025-08-10,2025-08-21,2025-08-19,607,589,Completed,97.0,Yes
PRO00346,PRD0034,WH001,Line D,2025-12-05,2025-12-08,2025-12-09,958,871,Completed,90.9,No
PRO00347,PRD0083,WH005,Line C,2025-04-22,2025-04-23,,193,0,On Hold,0.0,No
PRO00348,PRD0076,WH005,Line C,2025-12-05,2025-12-13,,953,0,Planned,0.0,No
PRO00349,PRD0099,WH006,Line A,2025-12-27,2025-12-31,2026-01-04,367,326,Completed,88.8,No
PRO00350,PRD0010,WH005,Line B,2025-06-04,2025-06-06,,721,0,Planned,0.0,No
PRO00351,PRD0010,WH005,Line D,2026-02-28,2026-03-06,2026-03-11,760,667,Completed,87.8,No
PRO00352,PRD0039,WH006,Line D,2025-05-04,2025-05-08,,629,0,Planned,0.0,No
PRO00353,PRD0066,WH002,Line C,2025-07-04,2025-07-07,2025-07-05,729,636,Completed,87.2,Yes
PRO00354,PRD0021,WH001,Line C,2026-02-26,2026-03-08,2026-03-06,280,240,Completed,85.7,Yes
PRO00355,PRD0079,WH004,Line A,2025-12-05,2025-12-15,2025-12-17,378,321,Completed,84.9,No
PRO00356,PRD0080,WH003,Line B,2025-12-31,2026-01-10,,74,0,On Hold,0.0,No
PRO00357,PRD0100,WH002,Line D,2025-03-23,2025-04-02,,423,0,On Hold,0.0,No
PRO00358,PRD0098,WH005,Line D,2026-01-04,2026-01-07,,966,0,Planned,0.0,No
PRO00359,PRD0038,WH003,Line A,2025-05-31,2025-06-10,2025-06-13,291,272,Completed,93.5,No
PRO00360,PRD0076,WH003,Line D,2025-06-26,2025-06-27,,920,0,In Progress,0.0,No
PRO00361,PRD0016,WH005,Line D,2025-07-26,2025-07-30,2025-07-31,991,919,Completed,92.7,No
PRO00362,PRD0046,WH003,Line A,2025-05-31,2025-06-07,2025-06-08,829,741,Completed,89.4,No
PRO00363,PRD0055,WH001,Line B,2025-07-18,2025-08-01,2025-08-03,640,581,Completed,90.8,No
PRO00364,PRD0084,WH001,Line C,2026-01-02,2026-01-06,,420,0,Planned,0.0,No
PRO00365,PRD0011,WH008,Line A,2025-09-12,2025-09-24,2025-09-24,77,66,Completed,85.7,Yes
PRO00366,PRD0027,WH002,Line C,2026-01-25,2026-02-05,,975,0,On Hold,0.0,No
PRO00367,PRD0062,WH007,Line C,2025-12-25,2026-01-05,2026-01-07,842,754,Completed,89.5,No
PRO00368,PRD0030,WH003,Line A,2025-06-03,2025-06-11,,194,0,Planned,0.0,No
PRO00369,PRD0044,WH002,Line D,2025-12-24,2026-01-01,2025-12-30,425,367,Completed,86.4,Yes
PRO00370,PRD0087,WH003,Line D,2026-03-08,2026-03-09,2026-03-09,224,193,Completed,86.2,Yes
PRO00371,PRD0005,WH004,Line C,2025-09-14,2025-09-22,2025-09-20,187,168,Completed,89.8,Yes
PRO00372,PRD0048,WH002,Line B,2026-02-13,2026-02-25,,661,0,On Hold,0.0,No
PRO00373,PRD0023,WH007,Line C,2026-02-10,2026-02-20,2026-02-18,263,230,Completed,87.5,Yes
PRO00374,PRD0010,WH001,Line B,2025-10-17,2025-10-19,,103,0,On Hold,0.0,No
PRO00375,PRD0019,WH005,Line A,2026-03-08,2026-03-19,,184,0,In Progress,0.0,No
PRO00376,PRD0029,WH004,Line D,2025-10-04,2025-10-05,2025-10-10,226,212,Completed,93.8,No
PRO00377,PRD0088,WH004,Line D,2025-04-02,2025-04-08,2025-04-07,209,191,Completed,91.4,Yes
PRO00378,PRD0061,WH005,Line D,2025-09-09,2025-09-10,,107,0,On Hold,0.0,No
PRO00379,PRD0097,WH001,Line B,2025-07-25,2025-08-07,,486,0,Planned,0.0,No
PRO00380,PRD0086,WH006,Line B,2025-08-31,2025-09-04,,73,0,On Hold,0.0,No
PRO00381,PRD0094,WH007,Line D,2026-01-20,2026-01-23,2026-01-22,528,479,Completed,90.7,Yes
PRO00382,PRD0068,WH002,Line B,2025-12-06,2025-12-20,,687,0,Planned,0.0,No
PRO00383,PRD0070,WH008,Line A,2025-09-15,2025-09-17,2025-09-22,342,312,Completed,91.2,No
PRO00384,PRD0090,WH004,Line C,2025-04-12,2025-04-26,2025-04-27,360,325,Completed,90.3,No
PRO00385,PRD0062,WH008,Line D,2025-05-08,2025-05-17,2025-05-20,457,452,Completed,98.9,No
PRO00386,PRD0021,WH008,Line C,2026-02-19,2026-02-22,2026-02-22,662,655,Completed,98.9,Yes
PRO00387,PRD0025,WH004,Line C,2025-03-17,2025-03-31,,83,0,Planned,0.0,No
PRO00388,PRD0033,WH003,Line C,2026-01-10,2026-01-24,2026-01-23,818,731,Completed,89.4,Yes
PRO00389,PRD0033,WH003,Line B,2025-04-14,2025-04-18,,487,0,In Progress,0.0,No
PRO00390,PRD0084,WH002,Line B,2025-05-03,2025-05-16,,829,0,In Progress,0.0,No
PRO00391,PRD0056,WH007,Line C,2025-12-25,2025-12-31,,349,0,In Progress,0.0,No
PRO00392,PRD0008,WH006,Line C,2025-06-15,2025-06-24,,981,0,In Progress,0.0,No
PRO00393,PRD0001,WH007,Line C,2026-02-19,2026-02-27,,477,0,In Progress,0.0,No
PRO00394,PRD0092,WH003,Line C,2025-07-29,2025-08-09,2025-08-14,547,524,Completed,95.8,No
PRO00395,PRD0074,WH002,Line C,2025-03-15,2025-03-17,,466,0,Planned,0.0,No
PRO00396,PRD0053,WH003,Line D,2025-04-15,2025-04-29,2025-05-03,525,493,Completed,93.9,No
PRO00397,PRD0007,WH002,Line A,2025-07-15,2025-07-20,2025-07-19,151,136,Completed,90.1,Yes
PRO00398,PRD0030,WH002,Line C,2026-01-19,2026-01-25,,190,0,Planned,0.0,No
PRO00399,PRD0073,WH004,Line A,2026-02-17,2026-02-24,,517,0,Planned,0.0,No
PRO00400,PRD0050,WH003,Line D,2025-03-29,2025-04-03,2025-04-07,318,288,Completed,90.6,No
