Shipment_ID,Order_ID,Carrier,Ship_Mode,Ship_Date,Expected_Delivery,Actual_Delivery,Shipping_Cost,Weight_KG,Status,On_Time,Delay_Days
SHP00001,SO00001,Delhivery,Sea,2025-08-27,2025-09-01,2025-08-30,1749.65,259.92,Delivered,Yes,0
SHP00002,SO00003,DTDC,Sea,2025-09-28,2025-10-01,2025-10-04,1151.45,39.82,Delivered,No,3
SHP00003,SO00004,Blue Dart,Air,2026-02-12,2026-02-18,2026-02-25,1400.77,162.11,Delivered,No,7
SHP00004,SO00005,FedEx,Rail,2025-11-08,2025-11-18,,153.23,141.09,Shipped,No,0
SHP00005,SO00006,Blue Dart,Rail,2025-04-15,2025-04-25,2025-04-27,593.73,229.29,Delivered,No,2
SHP00006,SO00007,DTDC,Road,2025-03-18,2025-03-28,,635.31,172.12,Shipped,No,0
SHP00007,SO00008,DHL,Sea,2025-12-03,2025-12-09,2025-12-14,853.33,30.93,Delivered,No,5
SHP00008,SO00009,Blue Dart,Rail,2025-07-28,2025-07-29,2025-08-01,1663.07,81.97,Delivered,No,3
SHP00009,SO00010,DTDC,Rail,2025-10-31,2025-11-10,2025-11-09,939.93,490.08,Delivered,Yes,0
SHP00010,SO00011,XpressBees,Road,2025-09-20,2025-09-28,2025-10-02,291.62,126.65,Delivered,No,4
SHP00011,SO00012,XpressBees,Air,2025-04-08,2025-04-12,2025-04-19,925.23,84.59,Delivered,No,7
SHP00012,SO00013,Delhivery,Air,2025-08-21,2025-09-01,,662.58,261.84,Shipped,No,0
SHP00013,SO00015,Delhivery,Air,2025-03-19,2025-03-20,2025-03-18,1812.92,280.13,Delivered,Yes,0
SHP00014,SO00017,Ecom Express,Rail,2025-07-04,2025-07-02,2025-07-08,1014.87,229.8,Delivered,No,6
SHP00015,SO00018,Ecom Express,Sea,2026-02-04,2026-02-10,2026-02-17,107.34,96.1,Delivered,No,7
SHP00016,SO00019,Ecom Express,Road,2025-06-01,2025-06-11,2025-06-15,1274.45,492.57,Delivered,No,4
SHP00017,SO00020,DTDC,Sea,2026-01-25,2026-01-27,2026-01-25,1864.14,499.91,Delivered,Yes,0
SHP00018,SO00021,DTDC,Rail,2026-01-31,2026-02-02,2026-01-31,1629.32,407.33,Delivered,Yes,0
SHP00019,SO00022,FedEx,Sea,2025-06-08,2025-06-11,2025-06-13,180.74,201.93,Delivered,No,2
SHP00020,SO00023,DTDC,Sea,2025-07-31,2025-08-06,2025-08-08,907.3,382.73,Delivered,No,2
SHP00021,SO00024,Delhivery,Sea,2025-12-13,2025-12-25,,837.32,116.6,Shipped,No,0
SHP00022,SO00025,DHL,Sea,2025-05-22,2025-05-28,2025-05-30,1592.68,60.13,Delivered,No,2
SHP00023,SO00026,FedEx,Road,2025-06-06,2025-06-08,2025-06-12,1501.23,205.33,Delivered,No,4
SHP00024,SO00027,Blue Dart,Sea,2025-03-28,2025-04-03,,103.09,126.81,Shipped,No,0
SHP00025,SO00029,DTDC,Rail,2025-12-02,2025-12-10,2025-12-09,1155.69,226.53,Delivered,Yes,0
SHP00026,SO00030,XpressBees,Rail,2026-03-11,2026-03-12,2026-03-11,818.59,134.88,Delivered,Yes,0
SHP00027,SO00032,XpressBees,Road,2025-07-11,2025-07-20,2025-07-23,1933.33,325.09,Delivered,No,3
SHP00028,SO00033,Blue Dart,Air,2025-04-13,2025-04-13,2025-04-14,262.43,232.81,Delivered,No,1
SHP00029,SO00034,DHL,Air,2025-11-05,2025-11-03,,1321.69,424.0,Shipped,No,0
SHP00030,SO00035,Ecom Express,Road,2025-09-06,2025-09-08,2025-09-12,1250.7,448.42,Delivered,No,4
SHP00031,SO00036,Delhivery,Road,2025-03-16,2025-03-26,,67.85,12.27,Shipped,No,0
SHP00032,SO00037,Ecom Express,Road,2025-11-03,2025-11-13,,742.93,429.32,Shipped,No,0
SHP00033,SO00038,Blue Dart,Air,2025-05-31,2025-06-12,2025-06-10,1284.32,199.99,Delivered,Yes,0
SHP00034,SO00039,DTDC,Sea,2025-10-18,2025-10-19,2025-10-20,126.89,463.73,Delivered,No,1
SHP00035,SO00040,Delhivery,Road,2026-02-09,2026-02-15,,416.88,392.92,Shipped,No,0
SHP00036,SO00041,Blue Dart,Road,2025-08-23,2025-08-26,,78.43,136.56,Shipped,No,0
SHP00037,SO00042,FedEx,Rail,2026-02-10,2026-02-12,2026-02-14,939.54,257.26,Delivered,No,2
SHP00038,SO00043,Blue Dart,Road,2025-09-10,2025-09-13,2025-09-19,875.15,208.91,Delivered,No,6
SHP00039,SO00044,XpressBees,Air,2025-09-09,2025-09-09,2025-09-11,1631.05,240.45,Delivered,No,2
SHP00040,SO00045,XpressBees,Road,2025-11-10,2025-11-18,2025-11-18,491.09,414.57,Delivered,Yes,0
SHP00041,SO00046,DTDC,Rail,2025-09-23,2025-09-24,2025-09-25,88.85,275.93,Delivered,No,1
SHP00042,SO00048,Blue Dart,Rail,2025-04-03,2025-04-14,,817.79,189.41,Shipped,No,0
SHP00043,SO00049,DTDC,Road,2026-01-06,2026-01-15,2026-01-22,1690.4,457.01,Delivered,No,7
SHP00044,SO00051,XpressBees,Rail,2026-01-21,2026-01-25,2026-01-31,1476.15,141.03,Delivered,No,6
SHP00045,SO00052,FedEx,Road,2026-01-24,2026-01-24,2026-01-31,1092.54,31.97,Delivered,No,7
SHP00046,SO00056,Ecom Express,Sea,2025-06-10,2025-06-18,,1353.31,319.4,Shipped,No,0
SHP00047,SO00057,Blue Dart,Road,2025-07-06,2025-07-13,2025-07-18,548.48,499.58,Delivered,No,5
SHP00048,SO00058,Blue Dart,Rail,2025-09-11,2025-09-20,,887.5,32.24,Shipped,No,0
SHP00049,SO00061,XpressBees,Air,2025-06-15,2025-06-19,2025-06-22,1533.65,271.05,Delivered,No,3
SHP00050,SO00064,Ecom Express,Sea,2025-06-17,2025-06-23,,1367.06,218.08,Shipped,No,0
SHP00051,SO00065,Blue Dart,Air,2025-04-22,2025-05-03,,1751.74,471.75,Shipped,No,0
SHP00052,SO00066,XpressBees,Road,2025-09-14,2025-09-21,2025-09-28,1972.05,449.14,Delivered,No,7
SHP00053,SO00067,FedEx,Rail,2025-12-29,2026-01-01,2026-01-05,459.81,167.31,Delivered,No,4
SHP00054,SO00069,DHL,Rail,2025-08-07,2025-08-06,,561.19,90.49,Shipped,No,0
SHP00055,SO00070,Ecom Express,Sea,2026-01-07,2026-01-14,2026-01-20,1667.33,266.71,Delivered,No,6
SHP00056,SO00071,XpressBees,Sea,2026-03-13,2026-03-24,,1310.71,248.5,Shipped,No,0
SHP00057,SO00075,Delhivery,Air,2026-02-12,2026-02-18,,1575.23,499.56,Shipped,No,0
SHP00058,SO00076,Blue Dart,Sea,2026-01-25,2026-02-06,2026-02-11,1701.29,122.81,Delivered,No,5
SHP00059,SO00077,XpressBees,Rail,2025-07-15,2025-07-28,2025-07-30,953.24,136.97,Delivered,No,2
SHP00060,SO00078,FedEx,Rail,2025-03-15,2025-03-22,,779.89,438.53,Shipped,No,0
SHP00061,SO00080,DHL,Rail,2026-01-24,2026-01-29,2026-01-31,1528.51,335.97,Delivered,No,2
SHP00062,SO00082,Blue Dart,Rail,2025-07-31,2025-08-07,2025-08-12,1439.21,39.5,Delivered,No,5
SHP00063,SO00086,FedEx,Sea,2025-07-07,2025-07-15,,95.01,313.85,Shipped,No,0
SHP00064,SO00088,DTDC,Air,2025-06-30,2025-07-13,2025-07-15,1267.26,391.24,Delivered,No,2
SHP00065,SO00089,Blue Dart,Sea,2025-06-21,2025-06-26,2025-07-03,1296.4,78.19,Delivered,No,7
SHP00066,SO00090,DHL,Air,2025-06-01,2025-06-13,2025-06-18,281.73,267.8,Delivered,No,5
SHP00067,SO00091,DTDC,Rail,2025-07-30,2025-08-10,,1933.55,298.17,Shipped,No,0
SHP00068,SO00094,Blue Dart,Rail,2025-04-25,2025-05-03,,1116.75,344.13,Shipped,No,0
SHP00069,SO00096,Blue Dart,Air,2025-10-31,2025-11-13,2025-11-17,1189.69,82.87,Delivered,No,4
SHP00070,SO00097,Ecom Express,Road,2025-10-16,2025-10-22,,1171.23,467.08,Shipped,No,0
SHP00071,SO00101,FedEx,Sea,2025-12-12,2025-12-23,2025-12-24,1018.19,8.04,Delivered,No,1
SHP00072,SO00102,XpressBees,Rail,2025-12-10,2025-12-08,,418.45,13.97,Shipped,No,0
SHP00073,SO00103,FedEx,Road,2025-05-09,2025-05-20,2025-05-24,1286.34,381.9,Delivered,No,4
SHP00074,SO00104,DHL,Road,2025-05-31,2025-06-05,,1264.37,440.03,Shipped,No,0
SHP00075,SO00105,DHL,Air,2025-06-15,2025-06-16,2025-06-21,1378.65,384.6,Delivered,No,5
SHP00076,SO00107,Blue Dart,Rail,2025-12-31,2026-01-04,2026-01-08,1985.75,409.57,Delivered,No,4
SHP00077,SO00110,Delhivery,Rail,2026-01-04,2026-01-03,,1020.76,192.59,Shipped,No,0
SHP00078,SO00113,Blue Dart,Sea,2025-10-19,2025-10-17,,1398.31,417.23,Shipped,No,0
SHP00079,SO00114,XpressBees,Road,2025-07-30,2025-08-05,2025-08-06,523.75,290.44,Delivered,No,1
SHP00080,SO00115,Blue Dart,Road,2025-05-12,2025-05-23,2025-05-30,107.49,341.18,Delivered,No,7
SHP00081,SO00116,FedEx,Rail,2025-05-31,2025-06-11,,1116.54,265.61,Shipped,No,0
SHP00082,SO00117,DHL,Air,2025-11-15,2025-11-26,,1700.64,170.38,Shipped,No,0
SHP00083,SO00118,DHL,Road,2026-03-04,2026-03-04,2026-03-11,919.11,99.69,Delivered,No,7
SHP00084,SO00119,Ecom Express,Air,2025-08-21,2025-08-19,2025-08-23,1224.89,216.37,Delivered,No,4
SHP00085,SO00122,Blue Dart,Rail,2025-12-04,2025-12-07,,1523.95,317.7,Shipped,No,0
SHP00086,SO00123,Ecom Express,Air,2025-04-19,2025-04-19,2025-04-25,1519.69,171.07,Delivered,No,6
SHP00087,SO00124,DTDC,Road,2025-12-03,2025-12-10,2025-12-12,672.79,373.35,Delivered,No,2
SHP00088,SO00125,Ecom Express,Sea,2026-01-05,2026-01-14,2026-01-13,1797.12,456.14,Delivered,Yes,0
SHP00089,SO00126,DTDC,Air,2025-06-08,2025-06-06,2025-06-07,1624.1,254.03,Delivered,No,1
SHP00090,SO00127,Blue Dart,Sea,2025-06-03,2025-06-13,2025-06-16,154.24,290.09,Delivered,No,3
SHP00091,SO00129,XpressBees,Air,2025-03-24,2025-03-26,2025-03-27,307.71,243.08,Delivered,No,1
SHP00092,SO00130,Ecom Express,Road,2025-09-03,2025-09-07,2025-09-13,541.56,396.68,Delivered,No,6
SHP00093,SO00131,Delhivery,Air,2025-09-14,2025-09-20,2025-09-22,1962.7,104.47,Delivered,No,2
SHP00094,SO00132,FedEx,Sea,2025-03-31,2025-04-03,,1843.21,126.07,Shipped,No,0
SHP00095,SO00133,DTDC,Road,2025-06-29,2025-07-04,2025-07-06,377.11,74.95,Delivered,No,2
SHP00096,SO00134,Ecom Express,Rail,2025-06-17,2025-06-28,2025-06-26,75.41,239.09,Delivered,Yes,0
SHP00097,SO00136,Ecom Express,Air,2025-12-16,2025-12-21,2025-12-20,993.38,454.51,Delivered,Yes,0
SHP00098,SO00137,Ecom Express,Air,2025-09-11,2025-09-24,2025-09-28,181.76,29.43,Delivered,No,4
SHP00099,SO00138,DHL,Sea,2025-05-04,2025-05-16,2025-05-19,1824.08,305.41,Delivered,No,3
SHP00100,SO00142,Ecom Express,Air,2026-03-11,2026-03-16,2026-03-20,819.83,402.83,Delivered,No,4
SHP00101,SO00146,Blue Dart,Road,2025-07-21,2025-07-21,2025-07-27,210.98,319.49,Delivered,No,6
SHP00102,SO00147,DTDC,Sea,2026-01-23,2026-01-29,,869.58,241.97,Shipped,No,0
SHP00103,SO00149,FedEx,Sea,2025-07-23,2025-07-22,2025-07-24,1167.62,173.61,Delivered,No,2
SHP00104,SO00150,DTDC,Rail,2025-12-07,2025-12-17,2025-12-24,765.0,494.33,Delivered,No,7
SHP00105,SO00151,Ecom Express,Air,2026-01-25,2026-02-04,,533.53,476.87,Shipped,No,0
SHP00106,SO00152,XpressBees,Road,2025-08-28,2025-09-08,2025-09-07,1320.27,38.08,Delivered,Yes,0
SHP00107,SO00153,DTDC,Air,2025-04-30,2025-05-01,2025-05-07,1738.3,110.99,Delivered,No,6
SHP00108,SO00154,FedEx,Rail,2025-07-11,2025-07-15,2025-07-17,1978.88,467.48,Delivered,No,2
SHP00109,SO00155,FedEx,Sea,2026-01-16,2026-01-15,,185.46,369.3,Shipped,No,0
SHP00110,SO00158,DTDC,Rail,2025-05-23,2025-05-25,,1901.33,275.15,Shipped,No,0
SHP00111,SO00159,FedEx,Rail,2026-02-20,2026-02-21,2026-02-28,1134.63,331.89,Delivered,No,7
SHP00112,SO00160,FedEx,Sea,2025-11-27,2025-12-01,2025-11-29,323.58,65.79,Delivered,Yes,0
SHP00113,SO00161,Blue Dart,Sea,2026-03-05,2026-03-08,2026-03-07,541.66,140.75,Delivered,Yes,0
SHP00114,SO00163,FedEx,Air,2025-08-02,2025-08-06,,144.08,197.03,Shipped,No,0
SHP00115,SO00164,DTDC,Sea,2026-03-14,2026-03-13,2026-03-18,511.95,453.99,Delivered,No,5
SHP00116,SO00167,Delhivery,Road,2025-08-21,2025-08-24,2025-08-29,548.49,271.92,Delivered,No,5
SHP00117,SO00168,FedEx,Air,2025-11-17,2025-11-16,,363.84,304.23,Shipped,No,0
SHP00118,SO00170,Delhivery,Rail,2026-02-11,2026-02-23,,1260.27,472.04,Shipped,No,0
SHP00119,SO00172,Delhivery,Air,2025-05-09,2025-05-17,2025-05-16,254.23,47.97,Delivered,Yes,0
SHP00120,SO00175,FedEx,Rail,2025-06-16,2025-06-28,2025-06-30,579.28,319.04,Delivered,No,2
SHP00121,SO00176,Ecom Express,Sea,2026-01-05,2026-01-09,2026-01-10,695.53,315.08,Delivered,No,1
SHP00122,SO00178,DTDC,Rail,2025-12-30,2026-01-04,2026-01-04,1205.5,443.26,Delivered,Yes,0
SHP00123,SO00179,XpressBees,Road,2025-03-24,2025-03-24,2025-03-25,1275.44,435.41,Delivered,No,1
SHP00124,SO00180,Blue Dart,Rail,2025-08-13,2025-08-12,2025-08-17,1866.75,488.59,Delivered,No,5
SHP00125,SO00182,XpressBees,Air,2025-06-23,2025-06-21,2025-06-24,1533.86,358.21,Delivered,No,3
SHP00126,SO00184,Delhivery,Road,2025-04-03,2025-04-12,2025-04-19,1658.0,241.8,Delivered,No,7
SHP00127,SO00186,Blue Dart,Sea,2025-12-17,2025-12-18,,366.36,385.57,Shipped,No,0
SHP00128,SO00188,Delhivery,Air,2025-07-14,2025-07-25,,665.84,107.4,Shipped,No,0
SHP00129,SO00189,Blue Dart,Road,2025-04-01,2025-04-07,2025-04-10,564.29,409.0,Delivered,No,3
SHP00130,SO00190,DHL,Air,2025-05-22,2025-06-03,2025-06-07,1704.88,1.57,Delivered,No,4
SHP00131,SO00191,DHL,Sea,2026-03-08,2026-03-12,2026-03-14,731.55,131.31,Delivered,No,2
SHP00132,SO00192,Blue Dart,Road,2026-02-06,2026-02-10,2026-02-08,1562.85,217.37,Delivered,Yes,0
SHP00133,SO00194,Blue Dart,Air,2025-08-29,2025-09-03,2025-09-08,461.1,70.18,Delivered,No,5
SHP00134,SO00196,FedEx,Air,2025-05-14,2025-05-25,,1714.86,70.96,Shipped,No,0
SHP00135,SO00198,Ecom Express,Road,2025-05-13,2025-05-14,,425.3,404.69,Shipped,No,0
SHP00136,SO00199,Delhivery,Road,2025-08-16,2025-08-24,2025-08-23,975.67,478.94,Delivered,Yes,0
SHP00137,SO00200,DTDC,Road,2026-03-14,2026-03-24,2026-03-27,533.98,15.08,Delivered,No,3
SHP00138,SO00201,XpressBees,Air,2026-02-04,2026-02-04,,1840.15,276.92,Shipped,No,0
SHP00139,SO00202,XpressBees,Air,2025-10-12,2025-10-16,2025-10-14,1783.6,258.0,Delivered,Yes,0
SHP00140,SO00203,DTDC,Air,2025-12-17,2025-12-21,2025-12-23,374.22,183.98,Delivered,No,2
SHP00141,SO00204,FedEx,Rail,2025-05-17,2025-05-25,2025-05-25,1419.07,116.22,Delivered,Yes,0
SHP00142,SO00207,DTDC,Rail,2026-03-11,2026-03-10,2026-03-09,1666.42,232.48,Delivered,Yes,0
SHP00143,SO00209,DTDC,Road,2026-03-10,2026-03-12,,244.85,222.89,Shipped,No,0
SHP00144,SO00210,Ecom Express,Sea,2025-04-16,2025-04-23,,256.12,282.55,Shipped,No,0
SHP00145,SO00211,FedEx,Sea,2025-10-16,2025-10-19,2025-10-23,1805.59,487.1,Delivered,No,4
SHP00146,SO00212,Blue Dart,Road,2025-05-08,2025-05-16,2025-05-18,700.96,466.09,Delivered,No,2
SHP00147,SO00213,DTDC,Road,2025-07-17,2025-07-15,,930.62,36.81,Shipped,No,0
SHP00148,SO00214,DTDC,Air,2025-11-09,2025-11-09,,1091.56,263.23,Shipped,No,0
SHP00149,SO00216,DTDC,Rail,2025-11-27,2025-11-29,,1984.59,415.82,Shipped,No,0
SHP00150,SO00218,FedEx,Rail,2025-07-11,2025-07-20,,1778.43,175.28,Shipped,No,0
SHP00151,SO00220,Delhivery,Rail,2026-01-11,2026-01-11,,1121.05,168.17,Shipped,No,0
SHP00152,SO00221,Ecom Express,Sea,2025-05-07,2025-05-06,,1955.16,171.72,Shipped,No,0
SHP00153,SO00222,Blue Dart,Sea,2025-09-13,2025-09-23,,1854.5,269.42,Shipped,No,0
SHP00154,SO00224,XpressBees,Sea,2025-08-08,2025-08-06,2025-08-11,990.65,376.82,Delivered,No,5
SHP00155,SO00226,Ecom Express,Rail,2025-04-19,2025-04-24,,806.66,450.31,Shipped,No,0
SHP00156,SO00227,FedEx,Road,2025-11-23,2025-12-01,,364.12,334.2,Shipped,No,0
SHP00157,SO00228,DHL,Sea,2025-08-17,2025-08-15,,1665.99,50.37,Shipped,No,0
SHP00158,SO00229,Ecom Express,Air,2025-06-11,2025-06-20,2025-06-27,738.23,323.42,Delivered,No,7
SHP00159,SO00230,FedEx,Sea,2025-03-24,2025-04-04,2025-04-10,1630.9,175.9,Delivered,No,6
SHP00160,SO00231,XpressBees,Air,2025-06-20,2025-06-27,2025-06-29,1239.35,190.3,Delivered,No,2
SHP00161,SO00233,Ecom Express,Road,2025-09-11,2025-09-13,,486.01,325.42,Shipped,No,0
SHP00162,SO00234,DTDC,Sea,2025-06-17,2025-06-26,,706.74,295.71,Shipped,No,0
SHP00163,SO00235,FedEx,Air,2025-10-05,2025-10-10,,1295.33,321.4,Shipped,No,0
SHP00164,SO00239,Ecom Express,Rail,2025-07-19,2025-07-28,,1385.21,429.31,Shipped,No,0
SHP00165,SO00242,DHL,Rail,2025-12-18,2025-12-28,2025-12-31,817.42,462.07,Delivered,No,3
SHP00166,SO00243,Ecom Express,Air,2025-04-09,2025-04-10,2025-04-16,411.11,367.69,Delivered,No,6
SHP00167,SO00244,Delhivery,Air,2025-03-26,2025-04-05,2025-04-11,1453.3,364.73,Delivered,No,6
SHP00168,SO00245,DTDC,Air,2025-07-17,2025-07-20,,1665.26,454.33,Shipped,No,0
SHP00169,SO00246,FedEx,Air,2025-10-20,2025-10-20,,1886.21,319.63,Shipped,No,0
SHP00170,SO00248,DHL,Rail,2025-04-10,2025-04-13,,584.52,283.93,Shipped,No,0
SHP00171,SO00249,DTDC,Road,2025-09-27,2025-10-01,2025-10-08,898.48,31.09,Delivered,No,7
SHP00172,SO00250,Delhivery,Sea,2025-12-15,2025-12-23,2025-12-26,1250.31,459.61,Delivered,No,3
SHP00173,SO00251,DHL,Rail,2025-06-28,2025-07-03,2025-07-07,332.7,451.1,Delivered,No,4
SHP00174,SO00252,Blue Dart,Air,2026-02-04,2026-02-11,,877.59,194.13,Shipped,No,0
SHP00175,SO00254,FedEx,Sea,2025-03-20,2025-03-18,2025-03-21,615.95,10.79,Delivered,No,3
SHP00176,SO00256,DTDC,Rail,2025-06-06,2025-06-07,2025-06-14,637.77,301.55,Delivered,No,7
SHP00177,SO00257,DHL,Road,2025-04-05,2025-04-17,2025-04-20,1080.12,364.82,Delivered,No,3
SHP00178,SO00258,Delhivery,Sea,2025-04-02,2025-04-02,,1227.87,474.96,Shipped,No,0
SHP00179,SO00259,DHL,Rail,2025-09-06,2025-09-15,,870.22,84.81,Shipped,No,0
SHP00180,SO00260,Ecom Express,Air,2025-12-06,2025-12-11,2025-12-17,658.73,132.77,Delivered,No,6
SHP00181,SO00262,XpressBees,Road,2026-02-05,2026-02-08,2026-02-06,322.72,238.65,Delivered,Yes,0
SHP00182,SO00263,DHL,Road,2025-04-25,2025-05-01,,1730.02,94.03,Shipped,No,0
SHP00183,SO00264,Delhivery,Air,2025-11-07,2025-11-15,2025-11-16,1357.29,475.52,Delivered,No,1
SHP00184,SO00266,Delhivery,Sea,2025-10-05,2025-10-16,2025-10-18,1966.47,111.86,Delivered,No,2
SHP00185,SO00267,FedEx,Rail,2025-03-13,2025-03-24,2025-03-28,1264.61,487.38,Delivered,No,4
SHP00186,SO00269,Ecom Express,Rail,2025-06-13,2025-06-12,,1844.05,234.07,Shipped,No,0
SHP00187,SO00271,Blue Dart,Road,2025-07-19,2025-07-28,2025-07-30,641.53,422.48,Delivered,No,2
SHP00188,SO00272,DTDC,Rail,2025-05-28,2025-06-06,2025-06-09,853.84,89.4,Delivered,No,3
SHP00189,SO00273,DTDC,Rail,2025-04-09,2025-04-12,2025-04-14,949.68,124.14,Delivered,No,2
SHP00190,SO00275,Ecom Express,Road,2025-05-30,2025-05-30,,1129.08,164.19,Shipped,No,0
SHP00191,SO00276,Ecom Express,Sea,2025-10-03,2025-10-04,2025-10-02,1437.8,417.09,Delivered,Yes,0
SHP00192,SO00277,FedEx,Air,2025-07-09,2025-07-08,2025-07-06,1620.87,220.09,Delivered,Yes,0
SHP00193,SO00278,Ecom Express,Rail,2026-03-14,2026-03-20,2026-03-25,1076.76,22.25,Delivered,No,5
SHP00194,SO00280,DTDC,Sea,2025-12-08,2025-12-15,2025-12-15,1092.63,259.07,Delivered,Yes,0
SHP00195,SO00281,FedEx,Road,2025-08-06,2025-08-10,2025-08-16,1349.66,59.91,Delivered,No,6
SHP00196,SO00282,DTDC,Sea,2026-01-30,2026-02-11,2026-02-16,1016.03,386.63,Delivered,No,5
SHP00197,SO00283,DHL,Rail,2025-12-19,2025-12-20,2025-12-18,607.99,88.64,Delivered,Yes,0
SHP00198,SO00284,XpressBees,Road,2025-06-29,2025-07-06,2025-07-05,756.5,143.83,Delivered,Yes,0
SHP00199,SO00285,XpressBees,Air,2025-10-09,2025-10-08,2025-10-09,1751.67,331.85,Delivered,No,1
SHP00200,SO00286,Blue Dart,Road,2025-06-28,2025-07-04,2025-07-03,260.37,212.25,Delivered,Yes,0
SHP00201,SO00288,XpressBees,Rail,2025-11-26,2025-11-30,2025-12-03,844.4,403.8,Delivered,No,3
SHP00202,SO00291,FedEx,Air,2025-09-19,2025-09-17,2025-09-16,1542.99,328.07,Delivered,Yes,0
SHP00203,SO00293,FedEx,Air,2025-07-13,2025-07-22,2025-07-24,1363.49,231.51,Delivered,No,2
SHP00204,SO00294,DHL,Air,2025-09-23,2025-09-22,2025-09-26,380.37,288.7,Delivered,No,4
SHP00205,SO00295,XpressBees,Road,2025-12-29,2026-01-10,2026-01-11,1063.57,141.22,Delivered,No,1
SHP00206,SO00297,Ecom Express,Air,2025-10-01,2025-10-11,,243.15,229.61,Shipped,No,0
SHP00207,SO00298,FedEx,Road,2025-09-05,2025-09-13,2025-09-18,1960.31,348.81,Delivered,No,5
SHP00208,SO00302,Blue Dart,Sea,2025-06-15,2025-06-13,2025-06-17,1028.71,169.38,Delivered,No,4
SHP00209,SO00303,XpressBees,Air,2026-02-08,2026-02-06,,237.42,225.72,Shipped,No,0
SHP00210,SO00304,Blue Dart,Sea,2025-07-14,2025-07-25,2025-07-26,1824.6,126.58,Delivered,No,1
SHP00211,SO00305,Delhivery,Air,2025-03-28,2025-04-08,2025-04-15,424.98,396.77,Delivered,No,7
SHP00212,SO00307,XpressBees,Road,2025-11-18,2025-11-24,,1154.04,22.84,Shipped,No,0
SHP00213,SO00308,DTDC,Rail,2025-05-06,2025-05-09,,1229.79,382.04,Shipped,No,0
SHP00214,SO00309,Blue Dart,Rail,2025-11-30,2025-12-06,2025-12-07,351.38,282.74,Delivered,No,1
SHP00215,SO00310,DTDC,Sea,2026-03-03,2026-03-13,2026-03-20,677.81,410.8,Delivered,No,7
SHP00216,SO00313,Ecom Express,Rail,2026-02-05,2026-02-04,2026-02-08,932.7,65.18,Delivered,No,4
SHP00217,SO00314,FedEx,Road,2025-12-13,2025-12-23,2025-12-29,1122.77,192.72,Delivered,No,6
SHP00218,SO00315,DTDC,Road,2025-10-31,2025-11-08,,135.31,7.18,Shipped,No,0
SHP00219,SO00317,FedEx,Rail,2025-09-18,2025-09-19,2025-09-21,1110.31,334.73,Delivered,No,2
SHP00220,SO00318,FedEx,Air,2025-10-13,2025-10-16,2025-10-17,1413.06,0.53,Delivered,No,1
SHP00221,SO00319,Blue Dart,Road,2025-10-06,2025-10-15,2025-10-14,1099.25,273.3,Delivered,Yes,0
SHP00222,SO00320,DTDC,Sea,2025-03-30,2025-03-28,2025-03-31,362.49,362.42,Delivered,No,3
SHP00223,SO00322,XpressBees,Road,2025-07-06,2025-07-10,2025-07-08,1821.28,499.28,Delivered,Yes,0
SHP00224,SO00325,FedEx,Sea,2025-05-06,2025-05-18,,169.76,429.42,Shipped,No,0
SHP00225,SO00328,FedEx,Sea,2025-04-01,2025-04-05,2025-04-09,1488.98,469.8,Delivered,No,4
SHP00226,SO00329,DHL,Sea,2025-03-31,2025-04-02,,1892.28,196.1,Shipped,No,0
SHP00227,SO00331,FedEx,Rail,2026-01-19,2026-01-20,2026-01-21,184.73,425.68,Delivered,No,1
SHP00228,SO00332,Ecom Express,Air,2025-07-29,2025-07-27,2025-08-03,1984.66,30.22,Delivered,No,7
SHP00229,SO00333,FedEx,Road,2026-01-26,2026-01-29,,1481.02,310.02,Shipped,No,0
SHP00230,SO00334,DHL,Rail,2025-06-23,2025-07-03,,1341.3,204.75,Shipped,No,0
SHP00231,SO00335,Blue Dart,Road,2025-04-09,2025-04-19,,1188.32,351.89,Shipped,No,0
SHP00232,SO00338,DTDC,Road,2026-02-19,2026-02-23,,1186.12,447.88,Shipped,No,0
SHP00233,SO00339,XpressBees,Sea,2025-06-29,2025-07-07,2025-07-13,1327.27,308.07,Delivered,No,6
SHP00234,SO00341,Blue Dart,Air,2025-10-01,2025-10-01,,1238.28,385.74,Shipped,No,0
SHP00235,SO00343,Ecom Express,Road,2025-12-25,2025-12-26,2025-12-31,750.94,424.67,Delivered,No,5
SHP00236,SO00344,Delhivery,Rail,2025-12-15,2025-12-25,2025-12-28,1698.2,74.68,Delivered,No,3
SHP00237,SO00345,Delhivery,Road,2026-02-09,2026-02-12,,830.0,108.17,Shipped,No,0
SHP00238,SO00346,Delhivery,Air,2025-09-05,2025-09-04,,209.21,300.14,Shipped,No,0
SHP00239,SO00347,Blue Dart,Rail,2026-01-16,2026-01-24,,1002.09,104.37,Shipped,No,0
SHP00240,SO00348,Ecom Express,Road,2025-07-12,2025-07-20,2025-07-19,848.29,136.3,Delivered,Yes,0
SHP00241,SO00349,Delhivery,Air,2025-04-18,2025-04-28,,1723.65,467.53,Shipped,No,0
SHP00242,SO00350,Blue Dart,Air,2025-11-25,2025-11-27,2025-11-25,962.63,164.21,Delivered,Yes,0
SHP00243,SO00351,Ecom Express,Road,2026-03-04,2026-03-05,2026-03-11,132.19,232.37,Delivered,No,6
SHP00244,SO00352,XpressBees,Air,2025-05-31,2025-06-07,2025-06-09,690.18,132.0,Delivered,No,2
SHP00245,SO00354,Delhivery,Air,2025-10-19,2025-11-01,2025-11-07,1146.73,308.18,Delivered,No,6
SHP00246,SO00355,FedEx,Sea,2025-06-28,2025-07-02,2025-07-08,365.39,140.14,Delivered,No,6
SHP00247,SO00357,XpressBees,Rail,2025-03-24,2025-03-22,2025-03-21,1490.42,135.59,Delivered,Yes,0
SHP00248,SO00360,Blue Dart,Air,2025-11-07,2025-11-07,2025-11-14,1173.82,87.57,Delivered,No,7
SHP00249,SO00361,DHL,Sea,2026-02-24,2026-03-05,2026-03-06,1483.29,420.23,Delivered,No,1
SHP00250,SO00363,DTDC,Road,2025-06-13,2025-06-24,2025-06-29,1665.05,278.95,Delivered,No,5
SHP00251,SO00364,Ecom Express,Air,2026-01-04,2026-01-13,2026-01-14,940.82,10.82,Delivered,No,1
SHP00252,SO00366,Delhivery,Sea,2025-05-08,2025-05-07,2025-05-06,1734.92,482.23,Delivered,Yes,0
SHP00253,SO00367,Ecom Express,Rail,2025-05-03,2025-05-07,,676.94,73.86,Shipped,No,0
SHP00254,SO00368,Delhivery,Road,2025-06-12,2025-06-12,2025-06-17,720.49,409.73,Delivered,No,5
SHP00255,SO00369,Ecom Express,Rail,2026-03-14,2026-03-16,2026-03-15,872.25,12.73,Delivered,Yes,0
SHP00256,SO00370,Ecom Express,Rail,2025-10-22,2025-10-27,2025-10-29,1645.0,364.6,Delivered,No,2
SHP00257,SO00372,FedEx,Air,2026-01-08,2026-01-20,2026-01-25,1404.4,281.28,Delivered,No,5
SHP00258,SO00375,DHL,Road,2025-05-06,2025-05-07,2025-05-13,1721.52,136.96,Delivered,No,6
SHP00259,SO00377,DHL,Rail,2026-03-10,2026-03-14,2026-03-12,1308.77,341.94,Delivered,Yes,0
SHP00260,SO00378,XpressBees,Sea,2025-10-27,2025-11-01,,122.48,68.14,Shipped,No,0
SHP00261,SO00379,Blue Dart,Air,2025-04-18,2025-04-22,2025-04-21,1400.61,196.88,Delivered,Yes,0
SHP00262,SO00381,Ecom Express,Sea,2025-06-27,2025-07-03,2025-07-03,651.12,135.02,Delivered,Yes,0
SHP00263,SO00382,DTDC,Air,2025-08-12,2025-08-20,2025-08-20,1880.57,404.5,Delivered,Yes,0
SHP00264,SO00383,DTDC,Sea,2025-10-22,2025-11-03,,1683.39,266.56,Shipped,No,0
SHP00265,SO00384,DTDC,Rail,2026-02-08,2026-02-16,2026-02-23,803.36,476.35,Delivered,No,7
SHP00266,SO00385,FedEx,Road,2025-05-02,2025-05-08,2025-05-08,906.96,334.85,Delivered,Yes,0
SHP00267,SO00386,Delhivery,Air,2025-08-18,2025-08-25,2025-08-23,234.26,392.31,Delivered,Yes,0
SHP00268,SO00387,FedEx,Air,2025-09-24,2025-09-23,2025-09-25,1397.05,209.08,Delivered,No,2
SHP00269,SO00388,Blue Dart,Sea,2025-05-14,2025-05-15,,1273.73,337.59,Shipped,No,0
SHP00270,SO00390,Delhivery,Air,2025-05-20,2025-05-27,2025-05-28,1784.28,67.74,Delivered,No,1
SHP00271,SO00392,Ecom Express,Road,2025-11-22,2025-11-30,,429.77,158.36,Shipped,No,0
SHP00272,SO00393,XpressBees,Sea,2025-12-12,2025-12-21,2025-12-25,940.54,107.79,Delivered,No,4
SHP00273,SO00394,XpressBees,Sea,2025-03-28,2025-04-01,2025-04-08,1560.53,375.58,Delivered,No,7
SHP00274,SO00395,Delhivery,Sea,2025-07-16,2025-07-16,2025-07-17,721.23,224.94,Delivered,No,1
SHP00275,SO00396,Ecom Express,Rail,2026-01-22,2026-01-28,2026-02-03,320.63,254.71,Delivered,No,6
SHP00276,SO00397,Delhivery,Rail,2025-07-29,2025-08-01,2025-08-06,1759.76,180.36,Delivered,No,5
SHP00277,SO00398,Ecom Express,Sea,2025-07-21,2025-07-31,2025-08-07,571.38,483.89,Delivered,No,7
SHP00278,SO00399,DTDC,Road,2025-11-22,2025-11-27,2025-11-30,831.67,437.46,Delivered,No,3
SHP00279,SO00400,Delhivery,Sea,2025-04-03,2025-04-03,2025-04-02,487.12,26.11,Delivered,Yes,0
SHP00280,SO00401,DHL,Rail,2025-07-08,2025-07-13,2025-07-17,559.33,320.72,Delivered,No,4
SHP00281,SO00402,Blue Dart,Road,2025-07-10,2025-07-19,,607.14,311.04,Shipped,No,0
SHP00282,SO00403,Blue Dart,Road,2025-12-15,2025-12-25,2026-01-01,567.74,313.53,Delivered,No,7
SHP00283,SO00404,Delhivery,Rail,2025-07-08,2025-07-16,2025-07-20,937.49,143.68,Delivered,No,4
SHP00284,SO00407,FedEx,Rail,2025-03-31,2025-03-31,,118.69,333.35,Shipped,No,0
SHP00285,SO00408,DTDC,Road,2025-10-04,2025-10-17,,990.65,213.99,Shipped,No,0
SHP00286,SO00409,Blue Dart,Air,2025-05-05,2025-05-18,,1069.02,295.47,Shipped,No,0
SHP00287,SO00411,Ecom Express,Air,2025-09-21,2025-10-04,2025-10-07,1092.89,220.72,Delivered,No,3
SHP00288,SO00412,XpressBees,Rail,2025-05-31,2025-05-31,2025-06-06,1252.84,163.18,Delivered,No,6
SHP00289,SO00414,Blue Dart,Road,2025-11-01,2025-11-13,2025-11-13,1170.99,469.63,Delivered,Yes,0
SHP00290,SO00415,Ecom Express,Road,2026-01-07,2026-01-13,2026-01-17,1774.78,324.02,Delivered,No,4
SHP00291,SO00418,Blue Dart,Air,2025-03-30,2025-03-29,2025-04-03,1352.08,230.4,Delivered,No,5
SHP00292,SO00419,DTDC,Air,2025-12-15,2025-12-19,2025-12-19,1063.61,430.45,Delivered,Yes,0
SHP00293,SO00420,Ecom Express,Sea,2025-10-12,2025-10-11,,1409.42,230.66,Shipped,No,0
SHP00294,SO00421,XpressBees,Road,2025-06-16,2025-06-22,,150.62,132.37,Shipped,No,0
SHP00295,SO00423,Delhivery,Air,2025-09-29,2025-10-07,,1063.55,302.01,Shipped,No,0
SHP00296,SO00425,DTDC,Air,2025-06-08,2025-06-07,2025-06-08,485.54,208.11,Delivered,No,1
SHP00297,SO00427,XpressBees,Rail,2025-10-31,2025-11-05,2025-11-05,543.14,302.43,Delivered,Yes,0
SHP00298,SO00428,Ecom Express,Rail,2025-04-16,2025-04-24,2025-04-25,811.35,474.27,Delivered,No,1
SHP00299,SO00431,Delhivery,Road,2025-08-16,2025-08-21,2025-08-28,1036.01,41.21,Delivered,No,7
SHP00300,SO00433,Ecom Express,Air,2025-05-12,2025-05-15,2025-05-21,1848.91,332.82,Delivered,No,6
SHP00301,SO00434,XpressBees,Sea,2025-07-14,2025-07-15,2025-07-13,648.9,363.72,Delivered,Yes,0
SHP00302,SO00436,Delhivery,Air,2025-07-12,2025-07-20,2025-07-20,621.18,41.11,Delivered,Yes,0
SHP00303,SO00438,Delhivery,Sea,2025-12-11,2025-12-21,2025-12-22,670.23,362.95,Delivered,No,1
SHP00304,SO00440,Ecom Express,Sea,2025-07-07,2025-07-15,,1485.31,320.28,Shipped,No,0
SHP00305,SO00442,FedEx,Rail,2025-06-25,2025-07-06,2025-07-08,1343.34,67.52,Delivered,No,2
SHP00306,SO00443,DTDC,Air,2026-02-05,2026-02-06,2026-02-10,671.18,423.02,Delivered,No,4
SHP00307,SO00444,Blue Dart,Air,2025-08-20,2025-08-29,,1818.03,497.49,Shipped,No,0
SHP00308,SO00446,Delhivery,Rail,2025-11-25,2025-12-06,2025-12-05,1261.28,269.11,Delivered,Yes,0
SHP00309,SO00447,DTDC,Sea,2025-12-12,2025-12-16,,675.94,282.86,Shipped,No,0
SHP00310,SO00448,XpressBees,Air,2025-07-08,2025-07-16,2025-07-14,382.61,258.17,Delivered,Yes,0
SHP00311,SO00451,DHL,Air,2026-02-28,2026-03-08,2026-03-07,1060.94,225.79,Delivered,Yes,0
SHP00312,SO00452,DHL,Air,2025-11-17,2025-11-17,2025-11-17,1405.1,121.26,Delivered,Yes,0
SHP00313,SO00454,Delhivery,Rail,2025-11-12,2025-11-19,2025-11-19,383.55,118.35,Delivered,Yes,0
SHP00314,SO00455,Ecom Express,Rail,2025-07-31,2025-07-31,2025-08-03,1186.85,86.63,Delivered,No,3
SHP00315,SO00459,DHL,Rail,2025-08-07,2025-08-10,2025-08-10,1056.85,482.33,Delivered,Yes,0
SHP00316,SO00460,DHL,Rail,2025-07-16,2025-07-18,2025-07-20,672.55,250.22,Delivered,No,2
SHP00317,SO00462,FedEx,Sea,2025-09-04,2025-09-04,,1631.37,232.88,Shipped,No,0
SHP00318,SO00463,XpressBees,Road,2025-07-23,2025-08-02,2025-08-09,250.23,391.76,Delivered,No,7
SHP00319,SO00464,Delhivery,Road,2025-04-27,2025-04-29,2025-05-02,1652.15,100.98,Delivered,No,3
SHP00320,SO00466,DTDC,Air,2025-07-12,2025-07-21,2025-07-26,450.79,232.6,Delivered,No,5
SHP00321,SO00467,Ecom Express,Air,2025-04-15,2025-04-26,2025-04-26,1073.09,37.6,Delivered,Yes,0
SHP00322,SO00468,DTDC,Air,2025-11-16,2025-11-24,2025-11-23,1713.66,194.24,Delivered,Yes,0
SHP00323,SO00469,XpressBees,Rail,2025-09-21,2025-09-30,2025-09-29,455.29,140.28,Delivered,Yes,0
SHP00324,SO00470,DTDC,Air,2025-04-30,2025-05-05,2025-05-07,1316.63,483.23,Delivered,No,2
SHP00325,SO00473,Ecom Express,Sea,2025-07-08,2025-07-08,2025-07-06,528.99,183.64,Delivered,Yes,0
SHP00326,SO00475,Blue Dart,Air,2025-11-24,2025-11-28,2025-12-02,836.75,90.02,Delivered,No,4
SHP00327,SO00476,XpressBees,Sea,2025-11-10,2025-11-17,,1632.48,165.72,Shipped,No,0
SHP00328,SO00478,FedEx,Rail,2025-04-14,2025-04-15,2025-04-19,1458.01,44.53,Delivered,No,4
SHP00329,SO00479,Ecom Express,Road,2025-12-10,2025-12-09,,1716.2,48.11,Shipped,No,0
SHP00330,SO00482,DHL,Road,2026-02-13,2026-02-14,,793.59,253.91,Shipped,No,0
SHP00331,SO00483,FedEx,Rail,2025-08-19,2025-08-24,,1501.66,329.72,Shipped,No,0
SHP00332,SO00485,Delhivery,Rail,2025-12-24,2026-01-02,,807.5,316.93,Shipped,No,0
SHP00333,SO00486,XpressBees,Road,2025-11-20,2025-11-30,2025-12-06,1983.8,167.23,Delivered,No,6
SHP00334,SO00487,Ecom Express,Sea,2025-08-30,2025-09-03,2025-09-10,1760.63,128.61,Delivered,No,7
SHP00335,SO00488,Blue Dart,Rail,2025-07-23,2025-07-31,2025-08-05,138.64,203.1,Delivered,No,5
SHP00336,SO00491,FedEx,Air,2025-07-22,2025-07-28,2025-07-27,1244.98,2.63,Delivered,Yes,0
SHP00337,SO00492,Blue Dart,Road,2025-12-05,2025-12-13,2025-12-13,759.39,317.46,Delivered,Yes,0
SHP00338,SO00494,DHL,Rail,2026-02-22,2026-02-23,2026-02-26,1037.83,18.36,Delivered,No,3
SHP00339,SO00495,Blue Dart,Sea,2025-09-18,2025-09-19,2025-09-24,1599.68,490.11,Delivered,No,5
SHP00340,SO00496,Ecom Express,Road,2025-06-18,2025-06-21,2025-06-22,702.21,475.04,Delivered,No,1
SHP00341,SO00497,DTDC,Road,2026-02-24,2026-03-01,2026-03-05,772.74,277.63,Delivered,No,4
SHP00342,SO00499,Delhivery,Road,2025-12-04,2025-12-08,2025-12-06,558.24,105.34,Delivered,Yes,0
SHP00343,SO00500,Delhivery,Sea,2025-04-04,2025-04-03,2025-04-01,1083.26,195.08,Delivered,Yes,0
SHP00344,SO00501,Delhivery,Air,2025-12-23,2025-12-29,2026-01-05,1754.75,358.43,Delivered,No,7
SHP00345,SO00503,DTDC,Road,2025-06-06,2025-06-19,,1819.51,2.15,Shipped,No,0
SHP00346,SO00504,Delhivery,Road,2025-07-21,2025-07-25,2025-07-25,1277.84,0.98,Delivered,Yes,0
SHP00347,SO00505,Ecom Express,Rail,2025-10-23,2025-11-02,2025-11-06,642.77,228.25,Delivered,No,4
SHP00348,SO00506,Blue Dart,Air,2025-07-16,2025-07-27,2025-07-30,937.21,157.66,Delivered,No,3
SHP00349,SO00507,Blue Dart,Sea,2025-04-04,2025-04-15,,1685.61,173.83,Shipped,No,0
SHP00350,SO00510,Blue Dart,Air,2025-08-29,2025-09-03,2025-09-07,825.56,267.69,Delivered,No,4
SHP00351,SO00512,DTDC,Sea,2025-04-11,2025-04-14,2025-04-13,1437.92,66.97,Delivered,Yes,0
SHP00352,SO00513,DHL,Road,2025-11-08,2025-11-12,2025-11-14,404.28,126.4,Delivered,No,2
SHP00353,SO00514,FedEx,Air,2026-01-08,2026-01-15,,516.2,32.5,Shipped,No,0
SHP00354,SO00515,FedEx,Air,2025-09-03,2025-09-02,,1712.52,234.93,Shipped,No,0
SHP00355,SO00517,XpressBees,Air,2025-11-05,2025-11-13,2025-11-15,1703.1,191.21,Delivered,No,2
SHP00356,SO00518,DHL,Rail,2025-06-21,2025-07-01,2025-07-08,203.14,335.99,Delivered,No,7
SHP00357,SO00519,XpressBees,Air,2025-06-24,2025-07-03,2025-07-06,1964.99,73.92,Delivered,No,3
SHP00358,SO00523,FedEx,Road,2025-12-21,2025-12-31,,825.9,67.22,Shipped,No,0
SHP00359,SO00524,DHL,Road,2026-01-24,2026-01-25,2026-01-30,1129.86,339.82,Delivered,No,5
SHP00360,SO00526,XpressBees,Air,2025-05-04,2025-05-10,2025-05-13,53.86,385.85,Delivered,No,3
SHP00361,SO00527,Ecom Express,Rail,2026-01-30,2026-02-06,2026-02-09,631.0,73.25,Delivered,No,3
SHP00362,SO00528,Ecom Express,Road,2025-06-25,2025-06-26,2025-06-27,610.13,11.67,Delivered,No,1
SHP00363,SO00529,DHL,Road,2025-11-18,2025-11-22,,158.67,14.1,Shipped,No,0
SHP00364,SO00530,DHL,Road,2025-07-20,2025-07-26,2025-08-02,1076.53,302.0,Delivered,No,7
SHP00365,SO00533,Delhivery,Road,2025-03-15,2025-03-25,,1341.47,166.79,Shipped,No,0
SHP00366,SO00534,Ecom Express,Sea,2025-04-20,2025-04-18,2025-04-21,236.97,466.04,Delivered,No,3
SHP00367,SO00535,Blue Dart,Road,2025-05-08,2025-05-11,2025-05-09,1228.12,486.6,Delivered,Yes,0
SHP00368,SO00536,FedEx,Sea,2025-07-18,2025-07-19,,408.4,140.7,Shipped,No,0
SHP00369,SO00537,Ecom Express,Rail,2025-05-16,2025-05-22,,1483.74,400.02,Shipped,No,0
SHP00370,SO00538,Blue Dart,Air,2026-01-20,2026-01-23,,1519.55,449.17,Shipped,No,0
SHP00371,SO00539,Delhivery,Sea,2025-04-29,2025-05-11,,1181.04,181.77,Shipped,No,0
SHP00372,SO00541,DTDC,Air,2026-01-10,2026-01-16,,56.78,95.01,Shipped,No,0
SHP00373,SO00542,Ecom Express,Sea,2025-04-08,2025-04-08,2025-04-06,1214.96,196.36,Delivered,Yes,0
SHP00374,SO00543,DHL,Sea,2025-09-12,2025-09-21,2025-09-21,301.28,474.23,Delivered,Yes,0
SHP00375,SO00544,FedEx,Rail,2025-12-10,2025-12-18,2025-12-22,966.27,362.15,Delivered,No,4
SHP00376,SO00545,DTDC,Air,2025-05-07,2025-05-07,2025-05-12,1504.48,457.12,Delivered,No,5
SHP00377,SO00546,DHL,Sea,2025-11-19,2025-11-25,2025-11-29,1196.01,146.09,Delivered,No,4
SHP00378,SO00547,XpressBees,Sea,2025-10-31,2025-11-11,,928.42,227.71,Shipped,No,0
SHP00379,SO00548,Delhivery,Road,2025-04-28,2025-05-08,2025-05-11,636.41,473.2,Delivered,No,3
SHP00380,SO00549,DHL,Air,2025-09-25,2025-10-07,2025-10-07,892.74,297.21,Delivered,Yes,0
SHP00381,SO00551,DHL,Road,2025-03-19,2025-04-01,,1894.98,427.15,Shipped,No,0
SHP00382,SO00553,DHL,Air,2025-05-22,2025-05-27,2025-06-01,1025.2,463.94,Delivered,No,5
SHP00383,SO00554,DHL,Road,2025-09-09,2025-09-09,,708.81,497.2,Shipped,No,0
SHP00384,SO00555,DTDC,Road,2025-05-31,2025-06-08,2025-06-09,1379.19,385.82,Delivered,No,1
SHP00385,SO00556,XpressBees,Rail,2025-12-12,2025-12-19,2025-12-22,1761.02,343.88,Delivered,No,3
SHP00386,SO00557,Blue Dart,Rail,2026-01-19,2026-01-20,2026-01-25,384.95,169.53,Delivered,No,5
SHP00387,SO00560,DHL,Road,2025-05-20,2025-05-27,2025-05-31,1975.33,126.19,Delivered,No,4
SHP00388,SO00561,Blue Dart,Sea,2025-07-11,2025-07-19,,1366.93,261.44,Shipped,No,0
SHP00389,SO00562,XpressBees,Road,2025-08-02,2025-08-07,2025-08-14,1427.15,452.58,Delivered,No,7
SHP00390,SO00563,Ecom Express,Rail,2025-12-10,2025-12-23,2025-12-23,595.11,454.48,Delivered,Yes,0
SHP00391,SO00564,Ecom Express,Road,2025-04-06,2025-04-14,2025-04-12,1303.31,229.81,Delivered,Yes,0
SHP00392,SO00566,FedEx,Rail,2026-02-02,2026-02-09,,1725.18,276.63,Shipped,No,0
SHP00393,SO00567,XpressBees,Road,2025-12-28,2026-01-05,2026-01-07,1445.58,223.67,Delivered,No,2
SHP00394,SO00569,Ecom Express,Rail,2025-10-27,2025-11-05,,205.39,452.87,Shipped,No,0
SHP00395,SO00570,Delhivery,Air,2025-09-20,2025-09-21,,522.5,16.62,Shipped,No,0
SHP00396,SO00572,Ecom Express,Rail,2025-12-19,2025-12-30,2026-01-06,1144.72,181.02,Delivered,No,7
SHP00397,SO00573,Blue Dart,Air,2025-04-20,2025-04-23,2025-04-28,1413.66,92.99,Delivered,No,5
SHP00398,SO00574,XpressBees,Sea,2025-07-10,2025-07-15,2025-07-14,488.74,370.66,Delivered,Yes,0
SHP00399,SO00575,Ecom Express,Road,2026-01-17,2026-01-29,2026-02-02,61.07,2.74,Delivered,No,4
SHP00400,SO00577,DTDC,Air,2025-12-05,2025-12-08,,899.68,406.79,Shipped,No,0
SHP00401,SO00578,Delhivery,Rail,2025-04-05,2025-04-12,2025-04-14,1378.48,142.92,Delivered,No,2
SHP00402,SO00579,Ecom Express,Rail,2025-05-07,2025-05-15,2025-05-17,1499.15,49.44,Delivered,No,2
SHP00403,SO00581,Delhivery,Road,2025-05-02,2025-05-12,2025-05-13,765.13,323.34,Delivered,No,1
SHP00404,SO00582,XpressBees,Rail,2025-09-24,2025-10-06,2025-10-04,1134.2,385.67,Delivered,Yes,0
SHP00405,SO00583,Delhivery,Road,2025-08-19,2025-08-27,2025-08-28,1684.84,229.31,Delivered,No,1
SHP00406,SO00584,XpressBees,Air,2025-08-31,2025-09-07,,386.79,409.47,Shipped,No,0
SHP00407,SO00585,Ecom Express,Rail,2025-08-28,2025-09-03,2025-09-04,1352.58,132.46,Delivered,No,1
SHP00408,SO00590,Ecom Express,Air,2025-03-28,2025-04-08,2025-04-10,1504.69,31.52,Delivered,No,2
SHP00409,SO00591,XpressBees,Rail,2025-12-30,2026-01-10,2026-01-16,1490.79,89.38,Delivered,No,6
SHP00410,SO00592,Blue Dart,Air,2025-10-12,2025-10-21,2025-10-28,874.5,204.37,Delivered,No,7
SHP00411,SO00599,DTDC,Air,2025-05-10,2025-05-16,2025-05-18,1870.51,413.79,Delivered,No,2
SHP00412,SO00601,FedEx,Rail,2025-11-20,2025-11-24,2025-11-23,834.48,242.19,Delivered,Yes,0
SHP00413,SO00602,DHL,Road,2026-02-15,2026-02-24,2026-03-03,1651.91,85.68,Delivered,No,7
SHP00414,SO00603,Blue Dart,Rail,2025-07-02,2025-07-02,,1957.91,78.36,Shipped,No,0
SHP00415,SO00604,DTDC,Rail,2026-02-11,2026-02-10,2026-02-16,1708.17,366.39,Delivered,No,6
SHP00416,SO00605,DHL,Sea,2025-10-01,2025-10-07,2025-10-09,180.95,494.28,Delivered,No,2
SHP00417,SO00608,Blue Dart,Air,2025-12-11,2025-12-16,2025-12-18,1348.21,447.41,Delivered,No,2
SHP00418,SO00609,XpressBees,Road,2025-07-08,2025-07-07,2025-07-06,188.83,75.1,Delivered,Yes,0
SHP00419,SO00612,XpressBees,Rail,2026-02-22,2026-02-24,2026-02-26,1600.02,21.98,Delivered,No,2
SHP00420,SO00613,FedEx,Rail,2025-05-25,2025-05-30,,1694.46,205.93,Shipped,No,0
SHP00421,SO00615,DHL,Air,2025-10-31,2025-11-11,2025-11-17,1831.69,368.71,Delivered,No,6
SHP00422,SO00616,DHL,Air,2025-10-08,2025-10-11,2025-10-18,1975.71,82.18,Delivered,No,7
SHP00423,SO00617,Blue Dart,Road,2025-04-25,2025-04-23,2025-04-27,1726.82,201.22,Delivered,No,4
SHP00424,SO00618,Delhivery,Sea,2025-04-14,2025-04-22,2025-04-22,904.15,232.04,Delivered,Yes,0
SHP00425,SO00620,DTDC,Sea,2025-10-09,2025-10-15,2025-10-22,1270.83,190.98,Delivered,No,7
SHP00426,SO00621,Blue Dart,Road,2025-06-06,2025-06-06,,856.48,468.27,Shipped,No,0
SHP00427,SO00623,DHL,Air,2025-08-26,2025-08-30,2025-08-31,1966.2,368.66,Delivered,No,1
SHP00428,SO00624,DTDC,Air,2025-12-05,2025-12-11,2025-12-10,127.6,35.06,Delivered,Yes,0
SHP00429,SO00625,FedEx,Air,2025-06-02,2025-06-02,2025-06-01,623.93,419.74,Delivered,Yes,0
SHP00430,SO00626,Blue Dart,Air,2025-09-10,2025-09-14,,813.87,320.26,Shipped,No,0
SHP00431,SO00627,DHL,Air,2025-06-09,2025-06-21,2025-06-24,1490.84,241.44,Delivered,No,3
SHP00432,SO00628,Ecom Express,Air,2026-02-04,2026-02-12,2026-02-15,594.96,292.29,Delivered,No,3
SHP00433,SO00629,XpressBees,Air,2025-08-19,2025-08-20,,1939.44,361.69,Shipped,No,0
SHP00434,SO00630,DTDC,Road,2025-09-26,2025-10-06,2025-10-13,425.07,36.16,Delivered,No,7
SHP00435,SO00631,XpressBees,Rail,2025-12-21,2025-12-26,2025-12-26,387.33,15.87,Delivered,Yes,0
SHP00436,SO00632,Delhivery,Road,2025-06-05,2025-06-16,2025-06-16,1440.24,207.42,Delivered,Yes,0
SHP00437,SO00633,FedEx,Rail,2025-06-16,2025-06-27,2025-06-26,303.68,29.97,Delivered,Yes,0
SHP00438,SO00635,FedEx,Rail,2025-05-11,2025-05-15,2025-05-19,1937.14,37.98,Delivered,No,4
SHP00439,SO00636,XpressBees,Rail,2025-12-15,2025-12-21,2025-12-22,1582.4,108.9,Delivered,No,1
SHP00440,SO00638,Blue Dart,Sea,2025-09-28,2025-10-01,2025-10-07,667.17,193.83,Delivered,No,6
SHP00441,SO00640,FedEx,Sea,2026-03-05,2026-03-08,2026-03-13,1935.0,179.18,Delivered,No,5
SHP00442,SO00641,FedEx,Rail,2025-11-09,2025-11-17,,566.51,114.36,Shipped,No,0
SHP00443,SO00643,FedEx,Rail,2025-04-01,2025-04-09,2025-04-14,90.99,175.91,Delivered,No,5
SHP00444,SO00644,Blue Dart,Road,2025-07-08,2025-07-19,2025-07-22,974.55,342.81,Delivered,No,3
SHP00445,SO00645,FedEx,Rail,2025-04-12,2025-04-23,2025-04-27,1102.77,57.87,Delivered,No,4
SHP00446,SO00646,Blue Dart,Air,2025-10-13,2025-10-18,2025-10-24,204.58,354.82,Delivered,No,6
SHP00447,SO00647,DHL,Sea,2025-12-10,2025-12-12,,549.31,375.83,Shipped,No,0
SHP00448,SO00649,Delhivery,Road,2025-10-15,2025-10-21,2025-10-19,268.13,196.75,Delivered,Yes,0
SHP00449,SO00650,Ecom Express,Sea,2025-04-23,2025-04-25,2025-04-30,70.31,127.75,Delivered,No,5
SHP00450,SO00651,Ecom Express,Sea,2025-05-06,2025-05-18,2025-05-20,1896.74,174.21,Delivered,No,2
SHP00451,SO00652,FedEx,Air,2025-07-11,2025-07-23,2025-07-28,440.13,448.4,Delivered,No,5
SHP00452,SO00653,DHL,Road,2025-12-04,2025-12-16,,905.49,161.29,Shipped,No,0
SHP00453,SO00655,FedEx,Rail,2025-10-22,2025-10-28,2025-10-29,1636.68,373.93,Delivered,No,1
SHP00454,SO00659,Blue Dart,Air,2025-06-05,2025-06-04,2025-06-04,1059.24,359.75,Delivered,Yes,0
SHP00455,SO00661,FedEx,Sea,2025-04-23,2025-05-04,2025-05-09,1206.31,159.14,Delivered,No,5
SHP00456,SO00662,DHL,Road,2025-04-13,2025-04-25,2025-04-30,126.0,336.24,Delivered,No,5
SHP00457,SO00663,Delhivery,Road,2025-04-02,2025-04-14,2025-04-17,1674.64,295.6,Delivered,No,3
SHP00458,SO00664,FedEx,Rail,2026-01-29,2026-02-03,,100.19,297.74,Shipped,No,0
SHP00459,SO00665,Ecom Express,Air,2026-03-02,2026-03-04,2026-03-10,1677.54,430.79,Delivered,No,6
SHP00460,SO00666,DTDC,Air,2025-11-06,2025-11-08,,314.65,350.55,Shipped,No,0
SHP00461,SO00667,XpressBees,Road,2025-11-04,2025-11-14,2025-11-21,1065.54,428.88,Delivered,No,7
SHP00462,SO00668,Blue Dart,Air,2025-04-24,2025-04-29,2025-04-30,1434.46,431.85,Delivered,No,1
SHP00463,SO00670,Blue Dart,Road,2026-01-31,2026-02-05,2026-02-09,566.14,96.26,Delivered,No,4
SHP00464,SO00671,Ecom Express,Rail,2025-09-18,2025-09-28,2025-10-05,339.87,213.47,Delivered,No,7
SHP00465,SO00672,Ecom Express,Road,2025-05-20,2025-05-20,2025-05-24,523.56,468.45,Delivered,No,4
SHP00466,SO00674,DTDC,Sea,2026-01-26,2026-01-27,2026-01-31,1793.76,274.58,Delivered,No,4
SHP00467,SO00676,FedEx,Air,2025-10-10,2025-10-20,2025-10-25,186.64,383.09,Delivered,No,5
SHP00468,SO00677,Delhivery,Road,2025-07-30,2025-08-04,2025-08-02,1762.04,74.63,Delivered,Yes,0
SHP00469,SO00679,Blue Dart,Road,2025-12-06,2025-12-15,2025-12-19,1485.06,246.61,Delivered,No,4
SHP00470,SO00681,DTDC,Road,2025-08-30,2025-09-01,2025-09-01,801.56,229.66,Delivered,Yes,0
SHP00471,SO00683,FedEx,Air,2025-09-21,2025-09-30,2025-10-06,55.94,345.74,Delivered,No,6
SHP00472,SO00684,DHL,Rail,2025-11-06,2025-11-14,,1031.47,396.29,Shipped,No,0
SHP00473,SO00685,Ecom Express,Rail,2025-12-27,2025-12-28,2025-12-26,1445.92,430.69,Delivered,Yes,0
SHP00474,SO00688,DHL,Road,2025-06-26,2025-07-06,,1535.85,496.69,Shipped,No,0
SHP00475,SO00689,DTDC,Road,2025-08-31,2025-09-10,2025-09-16,1145.76,336.08,Delivered,No,6
SHP00476,SO00690,XpressBees,Sea,2025-06-09,2025-06-12,2025-06-13,213.6,355.38,Delivered,No,1
SHP00477,SO00691,Ecom Express,Road,2025-08-28,2025-08-29,2025-08-29,210.57,413.22,Delivered,Yes,0
SHP00478,SO00693,DHL,Rail,2025-09-05,2025-09-16,,278.41,70.64,Shipped,No,0
SHP00479,SO00694,Ecom Express,Sea,2025-07-10,2025-07-22,2025-07-21,1769.15,281.35,Delivered,Yes,0
SHP00480,SO00698,XpressBees,Sea,2025-11-01,2025-11-06,2025-11-10,875.38,55.62,Delivered,No,4
SHP00481,SO00699,FedEx,Air,2025-07-16,2025-07-18,2025-07-17,578.19,336.87,Delivered,Yes,0
SHP00482,SO00700,Delhivery,Air,2025-11-05,2025-11-15,2025-11-14,1157.57,329.32,Delivered,Yes,0
SHP00483,SO00701,Ecom Express,Sea,2026-02-01,2026-02-07,2026-02-12,1801.46,108.57,Delivered,No,5
SHP00484,SO00703,DTDC,Air,2025-03-28,2025-03-28,,863.97,444.05,Shipped,No,0
SHP00485,SO00704,DHL,Road,2025-09-04,2025-09-09,2025-09-13,1211.28,485.1,Delivered,No,4
SHP00486,SO00706,FedEx,Sea,2025-12-23,2025-12-23,,1419.31,321.56,Shipped,No,0
SHP00487,SO00707,DTDC,Sea,2025-04-17,2025-04-29,2025-05-01,1594.49,170.51,Delivered,No,2
SHP00488,SO00708,FedEx,Air,2025-08-06,2025-08-17,2025-08-22,121.99,415.82,Delivered,No,5
SHP00489,SO00709,FedEx,Air,2025-05-10,2025-05-16,2025-05-15,475.32,208.34,Delivered,Yes,0
SHP00490,SO00710,Delhivery,Road,2025-07-11,2025-07-22,2025-07-20,143.51,355.0,Delivered,Yes,0
SHP00491,SO00711,XpressBees,Air,2025-04-21,2025-05-03,2025-05-02,1967.9,481.7,Delivered,Yes,0
SHP00492,SO00712,DTDC,Rail,2025-06-16,2025-06-28,,1609.97,292.73,Shipped,No,0
SHP00493,SO00714,Ecom Express,Rail,2025-06-05,2025-06-14,2025-06-15,1696.24,130.99,Delivered,No,1
SHP00494,SO00715,DTDC,Air,2025-05-24,2025-05-23,2025-05-28,143.94,6.92,Delivered,No,5
SHP00495,SO00716,DHL,Air,2025-04-14,2025-04-15,2025-04-14,827.91,290.84,Delivered,Yes,0
SHP00496,SO00717,XpressBees,Air,2025-05-24,2025-06-01,2025-06-01,1801.6,155.59,Delivered,Yes,0
SHP00497,SO00718,Delhivery,Road,2025-08-20,2025-08-19,2025-08-20,1011.97,132.13,Delivered,No,1
SHP00498,SO00719,FedEx,Road,2025-12-30,2025-12-30,2025-12-28,1683.29,47.29,Delivered,Yes,0
SHP00499,SO00720,DTDC,Rail,2025-07-01,2025-07-07,2025-07-14,1675.37,347.92,Delivered,No,7
SHP00500,SO00721,FedEx,Sea,2025-09-15,2025-09-27,2025-10-01,905.83,185.99,Delivered,No,4
SHP00501,SO00723,Ecom Express,Air,2025-09-13,2025-09-12,,417.14,247.11,Shipped,No,0
SHP00502,SO00724,Ecom Express,Road,2025-10-18,2025-10-23,2025-10-21,1755.26,166.54,Delivered,Yes,0
SHP00503,SO00725,DTDC,Rail,2026-01-18,2026-01-21,2026-01-28,1882.33,429.91,Delivered,No,7
SHP00504,SO00726,DHL,Rail,2025-04-03,2025-04-14,2025-04-17,1446.57,124.27,Delivered,No,3
SHP00505,SO00727,Delhivery,Sea,2026-03-01,2026-03-04,2026-03-02,1819.03,473.44,Delivered,Yes,0
SHP00506,SO00728,FedEx,Road,2025-12-09,2025-12-19,2025-12-23,1016.62,277.83,Delivered,No,4
SHP00507,SO00729,DTDC,Rail,2025-03-31,2025-03-31,2025-04-02,970.36,183.93,Delivered,No,2
SHP00508,SO00730,DHL,Rail,2025-07-13,2025-07-14,,1782.78,124.54,Shipped,No,0
SHP00509,SO00732,Ecom Express,Sea,2025-03-24,2025-03-28,2025-03-29,443.78,467.07,Delivered,No,1
SHP00510,SO00735,DTDC,Air,2025-10-01,2025-09-29,,254.07,28.83,Shipped,No,0
SHP00511,SO00736,Delhivery,Air,2025-04-07,2025-04-18,2025-04-21,100.25,246.54,Delivered,No,3
SHP00512,SO00737,FedEx,Air,2025-07-16,2025-07-22,,55.97,317.19,Shipped,No,0
SHP00513,SO00738,XpressBees,Air,2025-06-29,2025-07-06,2025-07-07,346.84,120.05,Delivered,No,1
SHP00514,SO00739,FedEx,Sea,2025-04-28,2025-05-06,2025-05-11,1214.69,307.45,Delivered,No,5
SHP00515,SO00740,Delhivery,Sea,2026-03-09,2026-03-17,2026-03-24,1003.68,260.37,Delivered,No,7
SHP00516,SO00742,XpressBees,Rail,2025-03-19,2025-03-27,2025-03-26,1778.92,199.59,Delivered,Yes,0
SHP00517,SO00743,Delhivery,Air,2025-09-19,2025-09-24,,1766.1,130.74,Shipped,No,0
SHP00518,SO00744,Blue Dart,Air,2025-04-21,2025-05-01,2025-05-05,485.6,295.2,Delivered,No,4
SHP00519,SO00745,Ecom Express,Sea,2025-04-16,2025-04-15,2025-04-19,196.04,479.33,Delivered,No,4
SHP00520,SO00746,DHL,Road,2025-04-04,2025-04-15,2025-04-16,379.36,233.39,Delivered,No,1
SHP00521,SO00747,XpressBees,Sea,2025-10-30,2025-11-09,2025-11-12,891.48,9.82,Delivered,No,3
SHP00522,SO00749,Blue Dart,Air,2025-08-21,2025-09-01,2025-09-01,1462.13,10.15,Delivered,Yes,0
SHP00523,SO00751,XpressBees,Road,2025-10-11,2025-10-12,2025-10-10,1316.9,425.79,Delivered,Yes,0
SHP00524,SO00752,DTDC,Rail,2025-03-22,2025-03-25,2025-04-01,695.63,71.49,Delivered,No,7
SHP00525,SO00753,FedEx,Rail,2025-12-25,2026-01-02,2026-01-06,1104.81,404.25,Delivered,No,4
SHP00526,SO00754,Blue Dart,Road,2025-11-02,2025-11-11,2025-11-16,1353.92,225.17,Delivered,No,5
SHP00527,SO00755,Blue Dart,Rail,2025-04-09,2025-04-16,2025-04-15,1759.81,481.71,Delivered,Yes,0
SHP00528,SO00756,Delhivery,Air,2025-10-31,2025-11-02,,504.89,147.37,Shipped,No,0
SHP00529,SO00757,DTDC,Sea,2025-11-18,2025-11-23,2025-11-25,1580.55,152.21,Delivered,No,2
SHP00530,SO00760,Blue Dart,Road,2025-12-02,2025-12-04,2025-12-11,1446.4,112.68,Delivered,No,7
SHP00531,SO00763,Ecom Express,Sea,2025-05-03,2025-05-05,2025-05-05,786.6,322.23,Delivered,Yes,0
SHP00532,SO00764,FedEx,Air,2026-01-05,2026-01-11,,692.11,170.06,Shipped,No,0
SHP00533,SO00765,XpressBees,Sea,2025-04-27,2025-05-08,2025-05-12,646.62,196.48,Delivered,No,4
SHP00534,SO00766,DHL,Air,2025-11-16,2025-11-18,,1444.89,327.14,Shipped,No,0
SHP00535,SO00767,DHL,Air,2026-01-10,2026-01-11,2026-01-13,358.97,466.28,Delivered,No,2
SHP00536,SO00769,DHL,Sea,2025-08-13,2025-08-20,,1876.83,171.28,Shipped,No,0
SHP00537,SO00770,XpressBees,Road,2025-07-10,2025-07-10,2025-07-13,829.01,475.28,Delivered,No,3
SHP00538,SO00774,FedEx,Rail,2025-05-23,2025-05-26,2025-05-30,1589.51,448.8,Delivered,No,4
SHP00539,SO00776,DHL,Air,2025-06-30,2025-07-02,,1009.28,367.71,Shipped,No,0
SHP00540,SO00778,XpressBees,Sea,2025-05-27,2025-05-29,2025-06-01,222.82,189.36,Delivered,No,3
SHP00541,SO00779,DTDC,Rail,2025-10-01,2025-09-30,2025-10-04,1776.94,223.17,Delivered,No,4
SHP00542,SO00780,Ecom Express,Road,2025-09-07,2025-09-05,2025-09-06,655.35,367.66,Delivered,No,1
SHP00543,SO00781,XpressBees,Sea,2026-01-19,2026-01-22,2026-01-27,1127.11,377.85,Delivered,No,5
SHP00544,SO00782,DHL,Rail,2026-02-17,2026-02-16,2026-02-16,1419.77,458.32,Delivered,Yes,0
SHP00545,SO00783,Ecom Express,Rail,2025-08-13,2025-08-16,2025-08-15,624.43,168.71,Delivered,Yes,0
SHP00546,SO00784,Ecom Express,Road,2025-09-07,2025-09-06,,1123.54,97.22,Shipped,No,0
SHP00547,SO00786,DHL,Rail,2025-05-25,2025-05-29,2025-05-28,1961.18,495.06,Delivered,Yes,0
SHP00548,SO00787,Delhivery,Air,2026-02-24,2026-03-04,2026-03-03,283.62,129.12,Delivered,Yes,0
SHP00549,SO00789,Delhivery,Sea,2026-01-02,2026-01-10,2026-01-16,318.02,355.71,Delivered,No,6
SHP00550,SO00790,XpressBees,Rail,2025-09-24,2025-10-01,2025-10-08,407.45,278.17,Delivered,No,7
SHP00551,SO00792,DHL,Air,2025-10-01,2025-10-10,2025-10-08,1342.45,101.1,Delivered,Yes,0
SHP00552,SO00795,DTDC,Air,2025-10-29,2025-11-03,2025-11-03,1789.46,399.05,Delivered,Yes,0
SHP00553,SO00796,FedEx,Air,2025-12-27,2026-01-01,2026-01-05,1425.66,348.16,Delivered,No,4
SHP00554,SO00797,Delhivery,Sea,2025-11-09,2025-11-22,,197.62,31.53,Shipped,No,0
SHP00555,SO00798,Ecom Express,Road,2025-09-25,2025-10-03,2025-10-07,1863.31,138.94,Delivered,No,4
SHP00556,SO00801,Blue Dart,Air,2025-05-29,2025-06-11,2025-06-12,1232.05,74.91,Delivered,No,1
SHP00557,SO00802,Ecom Express,Rail,2025-12-25,2025-12-26,2025-12-31,583.08,43.94,Delivered,No,5
SHP00558,SO00803,DHL,Road,2025-05-04,2025-05-12,2025-05-18,1142.13,54.47,Delivered,No,6
SHP00559,SO00805,Ecom Express,Sea,2025-07-16,2025-07-26,2025-07-28,649.75,441.83,Delivered,No,2
SHP00560,SO00806,FedEx,Sea,2025-10-08,2025-10-20,2025-10-23,483.63,422.16,Delivered,No,3
SHP00561,SO00807,FedEx,Road,2025-06-18,2025-06-16,2025-06-16,743.31,336.82,Delivered,Yes,0
SHP00562,SO00808,Ecom Express,Air,2025-10-29,2025-11-05,,1041.31,223.9,Shipped,No,0
SHP00563,SO00811,XpressBees,Rail,2025-08-11,2025-08-15,2025-08-21,51.14,388.76,Delivered,No,6
SHP00564,SO00812,DHL,Rail,2025-12-01,2025-12-12,2025-12-15,1601.08,425.22,Delivered,No,3
SHP00565,SO00813,Ecom Express,Sea,2025-11-17,2025-11-21,,166.32,110.36,Shipped,No,0
SHP00566,SO00815,XpressBees,Sea,2026-01-27,2026-01-27,2026-02-02,473.69,194.83,Delivered,No,6
SHP00567,SO00817,Blue Dart,Road,2025-06-01,2025-06-07,,969.94,42.73,Shipped,No,0
SHP00568,SO00818,Blue Dart,Air,2026-01-29,2026-02-08,2026-02-15,1482.44,75.34,Delivered,No,7
SHP00569,SO00819,Blue Dart,Sea,2025-05-05,2025-05-04,2025-05-02,1432.13,320.81,Delivered,Yes,0
SHP00570,SO00820,Delhivery,Road,2025-04-17,2025-04-24,,565.63,121.42,Shipped,No,0
SHP00571,SO00821,Blue Dart,Rail,2025-03-16,2025-03-23,2025-03-25,915.05,81.4,Delivered,No,2
SHP00572,SO00822,DTDC,Rail,2026-03-14,2026-03-16,2026-03-20,1016.14,101.88,Delivered,No,4
SHP00573,SO00823,XpressBees,Sea,2025-09-24,2025-09-25,2025-09-26,557.84,456.25,Delivered,No,1
SHP00574,SO00824,FedEx,Air,2026-02-23,2026-02-28,,1355.91,383.06,Shipped,No,0
SHP00575,SO00825,Delhivery,Sea,2025-12-11,2025-12-14,2025-12-13,100.02,362.99,Delivered,Yes,0
SHP00576,SO00826,FedEx,Road,2025-11-13,2025-11-22,2025-11-25,854.02,255.62,Delivered,No,3
SHP00577,SO00827,DHL,Rail,2025-07-24,2025-07-31,2025-08-07,1326.81,213.6,Delivered,No,7
SHP00578,SO00828,DHL,Sea,2025-03-18,2025-03-25,,536.34,403.68,Shipped,No,0
SHP00579,SO00829,Delhivery,Sea,2025-09-24,2025-09-26,2025-10-01,983.15,164.58,Delivered,No,5
SHP00580,SO00830,FedEx,Road,2025-07-24,2025-07-28,2025-08-02,630.44,498.71,Delivered,No,5
SHP00581,SO00832,XpressBees,Air,2026-02-14,2026-02-23,2026-02-26,721.87,443.03,Delivered,No,3
SHP00582,SO00834,DTDC,Rail,2025-04-25,2025-04-27,2025-04-28,1762.24,389.89,Delivered,No,1
SHP00583,SO00835,Delhivery,Road,2025-08-06,2025-08-12,,1645.98,398.92,Shipped,No,0
SHP00584,SO00836,Ecom Express,Sea,2025-04-17,2025-04-19,2025-04-26,402.64,111.76,Delivered,No,7
SHP00585,SO00840,Ecom Express,Sea,2025-11-17,2025-11-17,,755.79,89.78,Shipped,No,0
SHP00586,SO00841,Blue Dart,Rail,2025-11-13,2025-11-16,2025-11-17,1364.71,129.6,Delivered,No,1
SHP00587,SO00842,DHL,Rail,2025-07-24,2025-07-29,2025-07-30,1286.1,255.33,Delivered,No,1
SHP00588,SO00843,Delhivery,Road,2025-06-13,2025-06-11,2025-06-12,925.43,310.28,Delivered,No,1
SHP00589,SO00844,Blue Dart,Road,2025-06-05,2025-06-08,2025-06-10,1330.57,314.38,Delivered,No,2
SHP00590,SO00846,DHL,Road,2025-09-28,2025-10-08,,145.73,289.4,Shipped,No,0
SHP00591,SO00847,DTDC,Air,2026-01-02,2026-01-07,2026-01-06,551.23,130.35,Delivered,Yes,0
SHP00592,SO00848,XpressBees,Sea,2025-06-28,2025-07-01,,1033.44,354.5,Shipped,No,0
SHP00593,SO00849,DHL,Air,2025-09-02,2025-09-04,2025-09-09,1892.49,364.41,Delivered,No,5
SHP00594,SO00850,DTDC,Sea,2025-09-11,2025-09-17,,1753.91,82.61,Shipped,No,0
SHP00595,SO00851,DTDC,Air,2025-09-29,2025-10-03,2025-10-02,1722.37,255.97,Delivered,Yes,0
SHP00596,SO00852,Blue Dart,Road,2025-11-21,2025-11-24,2025-11-28,928.95,425.72,Delivered,No,4
SHP00597,SO00853,Blue Dart,Road,2025-09-11,2025-09-13,2025-09-12,1320.3,324.48,Delivered,Yes,0
SHP00598,SO00854,Blue Dart,Road,2025-04-06,2025-04-14,2025-04-21,306.33,291.71,Delivered,No,7
SHP00599,SO00855,Ecom Express,Sea,2026-01-11,2026-01-12,,518.12,159.3,Shipped,No,0
SHP00600,SO00857,Blue Dart,Road,2025-06-19,2025-06-27,2025-06-28,168.34,307.84,Delivered,No,1
SHP00601,SO00858,XpressBees,Rail,2025-06-23,2025-06-22,2025-06-28,1541.07,151.12,Delivered,No,6
SHP00602,SO00860,DTDC,Sea,2025-11-06,2025-11-10,2025-11-16,1461.82,314.1,Delivered,No,6
SHP00603,SO00861,Ecom Express,Air,2025-09-09,2025-09-17,2025-09-16,1438.74,200.58,Delivered,Yes,0
SHP00604,SO00864,XpressBees,Rail,2025-09-14,2025-09-24,2025-09-28,389.49,83.2,Delivered,No,4
SHP00605,SO00867,DTDC,Sea,2026-01-06,2026-01-18,,267.29,222.99,Shipped,No,0
SHP00606,SO00868,DTDC,Road,2025-11-20,2025-11-28,2025-11-27,1574.99,268.74,Delivered,Yes,0
SHP00607,SO00869,Blue Dart,Sea,2025-11-12,2025-11-19,2025-11-19,1685.85,202.13,Delivered,Yes,0
SHP00608,SO00873,FedEx,Sea,2025-05-21,2025-05-30,2025-05-29,787.27,237.12,Delivered,Yes,0
SHP00609,SO00874,FedEx,Road,2025-11-05,2025-11-09,2025-11-16,1078.7,247.88,Delivered,No,7
SHP00610,SO00876,FedEx,Rail,2025-09-18,2025-09-26,2025-09-27,1412.46,490.69,Delivered,No,1
SHP00611,SO00880,FedEx,Air,2026-02-18,2026-02-22,2026-02-23,879.07,433.63,Delivered,No,1
SHP00612,SO00882,Ecom Express,Air,2026-01-01,2025-12-31,2025-12-30,380.75,373.49,Delivered,Yes,0
SHP00613,SO00883,Ecom Express,Sea,2026-01-28,2026-01-27,,1462.54,261.6,Shipped,No,0
SHP00614,SO00885,Delhivery,Sea,2025-04-27,2025-05-07,,1765.79,196.95,Shipped,No,0
SHP00615,SO00886,Ecom Express,Air,2025-08-13,2025-08-17,2025-08-17,320.3,156.35,Delivered,Yes,0
SHP00616,SO00887,Delhivery,Road,2025-12-01,2025-12-10,2025-12-15,552.39,202.71,Delivered,No,5
SHP00617,SO00889,Delhivery,Sea,2025-12-29,2025-12-29,2026-01-01,132.71,343.63,Delivered,No,3
SHP00618,SO00890,FedEx,Sea,2025-04-11,2025-04-19,2025-04-23,229.4,134.2,Delivered,No,4
SHP00619,SO00894,Ecom Express,Rail,2026-03-06,2026-03-14,2026-03-12,1238.88,167.32,Delivered,Yes,0
SHP00620,SO00895,Delhivery,Rail,2025-11-08,2025-11-08,2025-11-13,386.44,478.32,Delivered,No,5
SHP00621,SO00896,DHL,Air,2026-01-28,2026-01-29,2026-02-02,1581.04,94.96,Delivered,No,4
SHP00622,SO00897,XpressBees,Air,2025-06-25,2025-07-04,2025-07-05,1565.76,119.97,Delivered,No,1
SHP00623,SO00899,Blue Dart,Rail,2025-11-15,2025-11-27,2025-11-25,1991.47,239.43,Delivered,Yes,0
SHP00624,SO00901,XpressBees,Air,2025-10-29,2025-11-08,2025-11-11,724.43,157.69,Delivered,No,3
SHP00625,SO00902,DHL,Road,2025-07-08,2025-07-18,2025-07-19,1136.87,413.41,Delivered,No,1
SHP00626,SO00903,Blue Dart,Air,2025-07-07,2025-07-12,,229.55,302.03,Shipped,No,0
SHP00627,SO00905,FedEx,Sea,2025-06-19,2025-06-19,2025-06-21,897.83,236.34,Delivered,No,2
SHP00628,SO00906,DTDC,Road,2025-09-05,2025-09-18,2025-09-24,458.59,396.78,Delivered,No,6
SHP00629,SO00907,DTDC,Rail,2025-11-29,2025-12-05,2025-12-05,525.39,98.62,Delivered,Yes,0
SHP00630,SO00908,DTDC,Rail,2025-05-31,2025-06-03,,730.12,493.87,Shipped,No,0
SHP00631,SO00909,XpressBees,Road,2025-09-28,2025-10-04,2025-10-10,527.41,347.34,Delivered,No,6
SHP00632,SO00910,Ecom Express,Road,2025-08-16,2025-08-17,,222.66,50.57,Shipped,No,0
SHP00633,SO00911,Blue Dart,Rail,2025-08-08,2025-08-14,,836.82,164.09,Shipped,No,0
SHP00634,SO00912,XpressBees,Air,2026-02-08,2026-02-10,2026-02-15,1179.68,334.43,Delivered,No,5
SHP00635,SO00915,Blue Dart,Sea,2025-07-12,2025-07-21,2025-07-22,132.44,48.1,Delivered,No,1
SHP00636,SO00917,XpressBees,Sea,2026-01-09,2026-01-21,,752.73,266.66,Shipped,No,0
SHP00637,SO00919,Ecom Express,Road,2025-12-26,2025-12-28,,1126.12,93.71,Shipped,No,0
SHP00638,SO00921,FedEx,Rail,2025-05-29,2025-06-11,2025-06-15,693.01,185.76,Delivered,No,4
SHP00639,SO00923,XpressBees,Road,2025-06-13,2025-06-17,,1755.84,308.23,Shipped,No,0
SHP00640,SO00926,Delhivery,Road,2025-08-19,2025-08-26,2025-08-30,1026.08,118.02,Delivered,No,4
SHP00641,SO00928,Ecom Express,Rail,2025-12-15,2025-12-17,2025-12-23,658.21,155.06,Delivered,No,6
SHP00642,SO00930,Delhivery,Air,2025-06-05,2025-06-07,2025-06-09,1340.31,465.47,Delivered,No,2
SHP00643,SO00931,DHL,Road,2025-06-04,2025-06-08,,1725.9,380.8,Shipped,No,0
SHP00644,SO00932,Delhivery,Road,2025-05-08,2025-05-08,2025-05-13,102.89,410.43,Delivered,No,5
SHP00645,SO00934,XpressBees,Air,2025-04-08,2025-04-08,,324.18,496.13,Shipped,No,0
SHP00646,SO00935,Blue Dart,Road,2026-01-01,2025-12-30,2026-01-04,1239.16,70.5,Delivered,No,5
SHP00647,SO00936,FedEx,Air,2025-04-10,2025-04-20,2025-04-27,1667.54,133.54,Delivered,No,7
SHP00648,SO00938,Blue Dart,Road,2026-01-18,2026-01-20,2026-01-25,1534.36,315.53,Delivered,No,5
SHP00649,SO00939,FedEx,Sea,2025-12-11,2025-12-11,,1344.22,270.98,Shipped,No,0
SHP00650,SO00940,DHL,Air,2025-07-10,2025-07-16,2025-07-22,1179.1,103.92,Delivered,No,6
SHP00651,SO00941,DTDC,Road,2025-07-05,2025-07-10,2025-07-08,234.08,465.56,Delivered,Yes,0
SHP00652,SO00942,DHL,Road,2025-06-06,2025-06-17,2025-06-24,1204.49,252.89,Delivered,No,7
SHP00653,SO00943,Delhivery,Air,2025-11-14,2025-11-14,,769.71,1.79,Shipped,No,0
SHP00654,SO00945,Ecom Express,Rail,2025-06-24,2025-06-25,2025-07-02,731.28,149.38,Delivered,No,7
SHP00655,SO00946,DTDC,Air,2025-07-17,2025-07-26,,1139.68,376.11,Shipped,No,0
SHP00656,SO00947,Ecom Express,Sea,2026-01-14,2026-01-14,2026-01-12,117.15,119.12,Delivered,Yes,0
SHP00657,SO00948,Blue Dart,Air,2025-07-05,2025-07-11,2025-07-16,1735.64,163.7,Delivered,No,5
SHP00658,SO00949,Ecom Express,Rail,2025-09-12,2025-09-18,2025-09-24,1065.58,40.08,Delivered,No,6
SHP00659,SO00952,Ecom Express,Road,2026-02-14,2026-02-26,2026-03-01,1649.21,451.41,Delivered,No,3
SHP00660,SO00953,DHL,Road,2026-02-19,2026-02-23,2026-02-28,51.9,179.18,Delivered,No,5
SHP00661,SO00954,Blue Dart,Road,2025-10-04,2025-10-14,2025-10-13,249.59,441.24,Delivered,Yes,0
SHP00662,SO00955,FedEx,Rail,2025-06-25,2025-06-24,2025-06-28,1169.92,309.92,Delivered,No,4
SHP00663,SO00957,Ecom Express,Road,2025-10-06,2025-10-07,2025-10-12,209.9,341.86,Delivered,No,5
SHP00664,SO00959,Delhivery,Air,2025-10-15,2025-10-24,2025-10-28,788.91,495.6,Delivered,No,4
SHP00665,SO00960,Delhivery,Air,2025-03-27,2025-04-03,2025-04-09,1735.35,117.85,Delivered,No,6
SHP00666,SO00962,Blue Dart,Air,2025-08-10,2025-08-16,2025-08-21,1304.71,158.84,Delivered,No,5
SHP00667,SO00963,Ecom Express,Road,2026-02-13,2026-02-18,2026-02-22,1822.1,413.43,Delivered,No,4
SHP00668,SO00964,Delhivery,Rail,2025-10-24,2025-10-25,2025-10-25,1287.23,393.2,Delivered,Yes,0
SHP00669,SO00965,FedEx,Air,2026-01-26,2026-01-29,2026-02-04,870.06,260.16,Delivered,No,6
SHP00670,SO00966,FedEx,Air,2025-08-22,2025-08-31,2025-09-07,1793.0,412.18,Delivered,No,7
SHP00671,SO00970,DHL,Sea,2025-03-19,2025-03-31,2025-04-06,1266.93,146.35,Delivered,No,6
SHP00672,SO00971,Delhivery,Rail,2026-02-20,2026-02-20,2026-02-18,1281.75,491.53,Delivered,Yes,0
SHP00673,SO00972,Ecom Express,Rail,2025-12-08,2025-12-09,2025-12-15,1011.16,63.49,Delivered,No,6
SHP00674,SO00973,FedEx,Sea,2025-05-25,2025-05-26,2025-05-30,1894.55,186.12,Delivered,No,4
SHP00675,SO00974,Blue Dart,Road,2025-08-18,2025-08-19,,1969.71,395.62,Shipped,No,0
SHP00676,SO00975,Blue Dart,Road,2025-12-06,2025-12-08,2025-12-15,1599.05,172.27,Delivered,No,7
SHP00677,SO00977,DTDC,Road,2025-08-11,2025-08-13,2025-08-13,1370.46,498.78,Delivered,Yes,0
SHP00678,SO00980,Delhivery,Air,2025-10-23,2025-10-22,,1988.96,247.98,Shipped,No,0
SHP00679,SO00982,Blue Dart,Sea,2025-04-07,2025-04-09,2025-04-13,1125.17,350.64,Delivered,No,4
SHP00680,SO00983,Blue Dart,Rail,2025-08-25,2025-08-31,2025-09-05,1382.15,285.3,Delivered,No,5
SHP00681,SO00985,DHL,Road,2025-10-15,2025-10-18,2025-10-16,601.49,421.77,Delivered,Yes,0
SHP00682,SO00986,XpressBees,Sea,2025-05-03,2025-05-07,,1909.15,144.96,Shipped,No,0
SHP00683,SO00987,FedEx,Road,2026-01-06,2026-01-11,,438.1,49.52,Shipped,No,0
SHP00684,SO00989,FedEx,Road,2025-11-18,2025-11-27,2025-11-27,1305.7,289.79,Delivered,Yes,0
SHP00685,SO00990,Ecom Express,Sea,2025-06-29,2025-07-04,,1020.35,343.77,Shipped,No,0
SHP00686,SO00991,Delhivery,Rail,2025-04-21,2025-04-30,,191.39,253.93,Shipped,No,0
SHP00687,SO00992,XpressBees,Rail,2025-04-29,2025-05-09,,1033.36,488.1,Shipped,No,0
SHP00688,SO00993,Delhivery,Air,2025-06-26,2025-07-07,2025-07-05,1405.33,94.97,Delivered,Yes,0
SHP00689,SO00996,Blue Dart,Road,2025-10-31,2025-11-02,2025-11-03,77.32,498.31,Delivered,No,1
SHP00690,SO00997,Delhivery,Road,2025-05-15,2025-05-22,2025-05-26,1558.64,393.97,Delivered,No,4
SHP00691,SO00998,XpressBees,Rail,2025-11-20,2025-11-28,2025-11-27,1052.15,100.35,Delivered,Yes,0
SHP00692,SO00999,Ecom Express,Air,2026-02-06,2026-02-12,,982.6,107.57,Shipped,No,0
SHP00693,SO01000,DTDC,Road,2025-08-11,2025-08-19,,349.14,184.43,Shipped,No,0
